-- phpMyAdmin SQL Dump
-- version 5.2.0
-- https://www.phpmyadmin.net/
--
-- Host: 127.0.0.1
-- Generation Time: Sep 01, 2022 at 03:04 PM
-- Server version: 10.4.24-MariaDB
-- PHP Version: 8.1.6

SET SQL_MODE = "NO_AUTO_VALUE_ON_ZERO";
START TRANSACTION;
SET time_zone = "+00:00";


/*!40101 SET @OLD_CHARACTER_SET_CLIENT=@@CHARACTER_SET_CLIENT */;
/*!40101 SET @OLD_CHARACTER_SET_RESULTS=@@CHARACTER_SET_RESULTS */;
/*!40101 SET @OLD_COLLATION_CONNECTION=@@COLLATION_CONNECTION */;
/*!40101 SET NAMES utf8mb4 */;

--
-- Database: `new_dashboard`
--

-- --------------------------------------------------------

--
-- Table structure for table `addresses`
--

CREATE TABLE `addresses` (
  `address_id` bigint(20) UNSIGNED NOT NULL,
  `user_id` bigint(20) UNSIGNED NOT NULL,
  `name` varchar(191) COLLATE utf8mb4_unicode_ci NOT NULL,
  `address` varchar(191) COLLATE utf8mb4_unicode_ci NOT NULL,
  `town_id` bigint(20) UNSIGNED NOT NULL,
  `city_id` bigint(20) UNSIGNED NOT NULL,
  `country_id` bigint(20) UNSIGNED NOT NULL,
  `status` tinyint(1) NOT NULL,
  `created_at` timestamp NULL DEFAULT NULL,
  `updated_at` timestamp NULL DEFAULT NULL
) ENGINE=MyISAM DEFAULT CHARSET=utf8mb4 COLLATE=utf8mb4_unicode_ci;

-- --------------------------------------------------------

--
-- Table structure for table `cities`
--

CREATE TABLE `cities` (
  `city_id` bigint(20) UNSIGNED NOT NULL,
  `code` varchar(191) COLLATE utf8mb4_unicode_ci NOT NULL,
  `name` varchar(255) COLLATE utf8mb4_unicode_ci NOT NULL,
  `country_id` bigint(20) UNSIGNED NOT NULL,
  `status` tinyint(1) NOT NULL,
  `created_at` timestamp NULL DEFAULT NULL,
  `updated_at` timestamp NULL DEFAULT NULL
) ENGINE=MyISAM DEFAULT CHARSET=utf8mb4 COLLATE=utf8mb4_unicode_ci;

--
-- Dumping data for table `cities`
--

INSERT INTO `cities` (`city_id`, `code`, `name`, `country_id`, `status`, `created_at`, `updated_at`) VALUES
(1, ' 01', 'Adana', 208, 1, '2022-08-16 04:55:47', '2022-08-16 04:55:47'),
(2, '02', 'Adıyaman', 208, 1, '2022-08-16 04:55:47', '2022-08-16 04:55:47'),
(3, '03', 'Afyonkarahisar', 208, 1, '2022-08-16 04:55:47', '2022-08-16 04:55:47'),
(4, '04', 'Ağrı', 208, 1, '2022-08-16 04:55:47', '2022-08-16 04:55:47'),
(5, '05', 'Amasya', 208, 1, '2022-08-16 04:55:47', '2022-08-16 04:55:47'),
(6, '06', 'Ankara', 208, 1, '2022-08-16 04:55:47', '2022-08-16 04:55:47'),
(7, '07', 'Antalya', 208, 1, '2022-08-16 04:55:47', '2022-08-16 04:55:47'),
(8, '08', 'Artvin', 208, 1, '2022-08-16 04:55:47', '2022-08-16 04:55:47'),
(9, '09', 'Aydın', 208, 1, '2022-08-16 04:55:47', '2022-08-16 04:55:47'),
(10, '10', 'Balıkesir', 208, 1, '2022-08-16 04:55:47', '2022-08-16 04:55:47'),
(11, '11', 'Bilecik', 208, 1, '2022-08-16 04:55:47', '2022-08-16 04:55:47'),
(12, '12', 'Bingöl', 208, 1, '2022-08-16 04:55:47', '2022-08-16 04:55:47'),
(13, '13', 'Bitlis', 208, 1, '2022-08-16 04:55:47', '2022-08-16 04:55:47'),
(14, '14', 'Bolu', 208, 1, '2022-08-16 04:55:47', '2022-08-16 04:55:47'),
(15, '15', 'Burdur', 208, 1, '2022-08-16 04:55:47', '2022-08-16 04:55:47'),
(16, '16', 'Bursa', 208, 1, '2022-08-16 04:55:47', '2022-08-16 04:55:47'),
(17, '17', 'Çanakkale', 208, 1, '2022-08-16 04:55:47', '2022-08-16 04:55:47'),
(18, '18', 'Çankırı', 208, 1, '2022-08-16 04:55:47', '2022-08-16 04:55:47'),
(19, '19', 'Çorum', 208, 1, '2022-08-16 04:55:47', '2022-08-16 04:55:47'),
(20, '20', 'Denizli', 208, 1, '2022-08-16 04:55:47', '2022-08-16 04:55:47'),
(21, '21', 'Diyarbakır', 208, 1, '2022-08-16 04:55:47', '2022-08-16 04:55:47'),
(22, '22', 'Edirne', 208, 1, '2022-08-16 04:55:47', '2022-08-16 04:55:47'),
(23, '23', 'Elazığ', 208, 1, '2022-08-16 04:55:47', '2022-08-16 04:55:47'),
(24, '24', 'Erzincan', 208, 1, '2022-08-16 04:55:47', '2022-08-16 04:55:47'),
(25, '25', 'Erzurum', 208, 1, '2022-08-16 04:55:47', '2022-08-16 04:55:47'),
(26, '26', 'Eskişehir', 208, 1, '2022-08-16 04:55:47', '2022-08-16 04:55:47'),
(27, '27', 'Gaziantep', 208, 1, '2022-08-16 04:55:47', '2022-08-16 04:55:47'),
(28, '28', 'Giresun', 208, 1, '2022-08-16 04:55:47', '2022-08-16 04:55:47'),
(29, '29', 'Gümüşhane', 208, 1, '2022-08-16 04:55:47', '2022-08-16 04:55:47'),
(30, '30', 'Hakkari', 208, 1, '2022-08-16 04:55:47', '2022-08-16 04:55:47'),
(31, '31', 'Hatay', 208, 1, '2022-08-16 04:55:47', '2022-08-16 04:55:47'),
(32, '32', 'Isparta', 208, 1, '2022-08-16 04:55:47', '2022-08-16 04:55:47'),
(33, '33', 'Mersin', 208, 1, '2022-08-16 04:55:47', '2022-08-16 04:55:47'),
(34, '34', 'İstanbul', 208, 1, '2022-08-16 04:55:47', '2022-08-16 04:55:47'),
(35, '35', 'İzmir', 208, 1, '2022-08-16 04:55:47', '2022-08-16 04:55:47'),
(36, '36', 'Kars', 208, 1, '2022-08-16 04:55:47', '2022-08-16 04:55:47'),
(37, '37', 'Kastamonu', 208, 1, '2022-08-16 04:55:47', '2022-08-16 04:55:47'),
(38, '38', 'Kayseri', 208, 1, '2022-08-16 04:55:47', '2022-08-16 04:55:47'),
(39, '39', 'Kırklareli', 208, 1, '2022-08-16 04:55:47', '2022-08-16 04:55:47'),
(40, '40', 'Kırşehir', 208, 1, '2022-08-16 04:55:47', '2022-08-16 04:55:47'),
(41, '41', 'Kocaeli', 208, 1, '2022-08-16 04:55:47', '2022-08-16 04:55:47'),
(42, '42', 'Konya', 208, 1, '2022-08-16 04:55:47', '2022-08-16 04:55:47'),
(43, '43', 'Kütahya', 208, 1, '2022-08-16 04:55:47', '2022-08-16 04:55:47'),
(44, '44', 'Malatya', 208, 1, '2022-08-16 04:55:47', '2022-08-16 04:55:47'),
(45, '45', 'Manisa', 208, 1, '2022-08-16 04:55:47', '2022-08-16 04:55:47'),
(46, '46', 'Kahramanmaraş', 208, 1, '2022-08-16 04:55:47', '2022-08-16 04:55:47'),
(47, '47', 'Mardin', 208, 1, '2022-08-16 04:55:47', '2022-08-16 04:55:47'),
(48, '48', 'Muğla', 208, 1, '2022-08-16 04:55:47', '2022-08-16 04:55:47'),
(49, '49', 'Muş', 208, 1, '2022-08-16 04:55:47', '2022-08-16 04:55:47'),
(50, '50', 'Nevşehir', 208, 1, '2022-08-16 04:55:47', '2022-08-16 04:55:47'),
(51, '51', 'Niğde', 208, 1, '2022-08-16 04:55:47', '2022-08-16 04:55:47'),
(52, '52', 'Ordu', 208, 1, '2022-08-16 04:55:47', '2022-08-16 04:55:47'),
(53, '53', 'Rize', 208, 1, '2022-08-16 04:55:47', '2022-08-16 04:55:47'),
(54, '54', 'Sakarya', 208, 1, '2022-08-16 04:55:47', '2022-08-16 04:55:47'),
(55, '55', 'Samsun', 208, 1, '2022-08-16 04:55:47', '2022-08-16 04:55:47'),
(56, '56', 'Siirt', 208, 1, '2022-08-16 04:55:47', '2022-08-16 04:55:47'),
(57, '57', 'Sinop', 208, 1, '2022-08-16 04:55:47', '2022-08-16 04:55:47'),
(58, '58', 'Sivas', 208, 1, '2022-08-16 04:55:47', '2022-08-16 04:55:47'),
(59, '59', 'Tekirdağ', 208, 1, '2022-08-16 04:55:47', '2022-08-16 04:55:47'),
(60, '60', 'Tokat', 208, 1, '2022-08-16 04:55:47', '2022-08-16 04:55:47'),
(61, '61', 'Trabzon', 208, 1, '2022-08-16 04:55:47', '2022-08-16 04:55:47'),
(62, '62', 'Tunceli', 208, 1, '2022-08-16 04:55:47', '2022-08-16 04:55:47'),
(63, '63', 'Şanlıurfa', 208, 1, '2022-08-16 04:55:47', '2022-08-16 04:55:47'),
(64, '64', 'Uşak', 208, 1, '2022-08-16 04:55:47', '2022-08-16 04:55:47'),
(65, '65', 'Van', 208, 1, '2022-08-16 04:55:47', '2022-08-16 04:55:47'),
(66, '66', 'Yozgat', 208, 1, '2022-08-16 04:55:48', '2022-08-16 04:55:48'),
(67, '67', 'Zonguldak', 208, 1, '2022-08-16 04:55:48', '2022-08-16 04:55:48'),
(68, '68', 'Aksaray', 208, 1, '2022-08-16 04:55:48', '2022-08-16 04:55:48'),
(69, '69', 'Bayburt', 208, 1, '2022-08-16 04:55:48', '2022-08-16 04:55:48'),
(70, '70', 'Karaman', 208, 1, '2022-08-16 04:55:48', '2022-08-16 04:55:48'),
(71, '71', 'Kırıkkale', 208, 1, '2022-08-16 04:55:48', '2022-08-16 04:55:48'),
(72, '72', 'Batman', 208, 1, '2022-08-16 04:55:48', '2022-08-16 04:55:48'),
(73, '73', 'Şırnak', 208, 1, '2022-08-16 04:55:48', '2022-08-16 04:55:48'),
(74, '74', 'Bartın', 208, 1, '2022-08-16 04:55:48', '2022-08-16 04:55:48'),
(75, '75', 'Ardahan', 208, 1, '2022-08-16 04:55:48', '2022-08-16 04:55:48'),
(76, '76', 'Iğdır', 208, 1, '2022-08-16 04:55:48', '2022-08-16 04:55:48'),
(77, '77', 'Yalova', 208, 1, '2022-08-16 04:55:48', '2022-08-16 04:55:48'),
(78, '78', 'Karabük', 208, 1, '2022-08-16 04:55:48', '2022-08-16 04:55:48'),
(79, '79', 'Kilis', 208, 1, '2022-08-16 04:55:48', '2022-08-16 04:55:48'),
(80, '80', 'Osmaniye', 208, 1, '2022-08-16 04:55:48', '2022-08-16 04:55:48'),
(81, '81', 'Düzce', 208, 1, '2022-08-16 04:55:48', '2022-08-16 04:55:48');

-- --------------------------------------------------------

--
-- Table structure for table `countries`
--

CREATE TABLE `countries` (
  `country_id` bigint(20) UNSIGNED NOT NULL,
  `code` varchar(191) COLLATE utf8mb4_unicode_ci NOT NULL,
  `name` varchar(191) COLLATE utf8mb4_unicode_ci NOT NULL,
  `status` tinyint(1) NOT NULL,
  `created_at` timestamp NULL DEFAULT NULL,
  `updated_at` timestamp NULL DEFAULT NULL
) ENGINE=MyISAM DEFAULT CHARSET=utf8mb4 COLLATE=utf8mb4_unicode_ci;

--
-- Dumping data for table `countries`
--

INSERT INTO `countries` (`country_id`, `code`, `name`, `status`, `created_at`, `updated_at`) VALUES
(1, 'BD', 'Bangladeş', 1, '2022-08-16 02:30:27', '2022-08-16 02:30:27'),
(2, 'BE', 'Belçika', 1, '2022-08-16 02:30:27', '2022-08-16 02:30:27'),
(3, 'BF', 'Burkina Faso', 1, '2022-08-16 02:30:27', '2022-08-16 02:30:27'),
(4, 'BG', 'Bulgaristan', 1, '2022-08-16 02:30:27', '2022-08-16 02:30:27'),
(5, 'BA', 'Bosna Hersek', 1, '2022-08-16 02:30:27', '2022-08-16 02:30:27'),
(6, 'BB', 'Barbados', 1, '2022-08-16 02:30:27', '2022-08-16 02:30:27'),
(7, 'WF', 'Wallis ve Futuna', 1, '2022-08-16 02:30:27', '2022-08-16 02:30:27'),
(8, 'BL', 'Saint Barthelemy', 1, '2022-08-16 02:30:27', '2022-08-16 02:30:27'),
(9, 'BM', 'Bermuda', 1, '2022-08-16 02:30:27', '2022-08-16 02:30:27'),
(10, 'BN', 'Brunei', 1, '2022-08-16 02:30:27', '2022-08-16 02:30:27'),
(11, 'BO', 'Bolivya', 1, '2022-08-16 02:30:27', '2022-08-16 02:30:27'),
(12, 'BH', 'Bahreyn', 1, '2022-08-16 02:30:27', '2022-08-16 02:30:27'),
(13, 'BI', 'Burundi', 1, '2022-08-16 02:30:27', '2022-08-16 02:30:27'),
(14, 'BJ', 'Benin', 1, '2022-08-16 02:30:27', '2022-08-16 02:30:27'),
(15, 'BT', 'Butan', 1, '2022-08-16 02:30:27', '2022-08-16 02:30:27'),
(16, 'JM', 'Jamaika', 1, '2022-08-16 02:30:27', '2022-08-16 02:30:27'),
(17, 'BV', 'Bouvet Adası', 1, '2022-08-16 02:30:27', '2022-08-16 02:30:27'),
(18, 'BW', 'Botsvana', 1, '2022-08-16 02:30:27', '2022-08-16 02:30:27'),
(19, 'WS', 'Samoa', 1, '2022-08-16 02:30:27', '2022-08-16 02:30:27'),
(20, 'BQ', 'Bonaire, Saint Eustatius ve Saba', 1, '2022-08-16 02:30:27', '2022-08-16 02:30:27'),
(21, 'BR', 'Brezilya', 1, '2022-08-16 02:30:27', '2022-08-16 02:30:27'),
(22, 'BS', 'Bahamalar', 1, '2022-08-16 02:30:27', '2022-08-16 02:30:27'),
(23, 'JE', 'Jersey', 1, '2022-08-16 02:30:27', '2022-08-16 02:30:27'),
(24, 'BY', 'Beyaz Rusya', 1, '2022-08-16 02:30:27', '2022-08-16 02:30:27'),
(25, 'BZ', 'Belize', 1, '2022-08-16 02:30:27', '2022-08-16 02:30:27'),
(26, 'RU', 'Rusya', 1, '2022-08-16 02:30:27', '2022-08-16 02:30:27'),
(27, 'RW', 'Ruanda', 1, '2022-08-16 02:30:27', '2022-08-16 02:30:27'),
(28, 'RS', 'Sırbistan', 1, '2022-08-16 02:30:27', '2022-08-16 02:30:27'),
(29, 'TL', 'Doğu Timor', 1, '2022-08-16 02:30:27', '2022-08-16 02:30:27'),
(30, 'RE', 'Réunion', 1, '2022-08-16 02:30:27', '2022-08-16 02:30:27'),
(31, 'TM', 'Türkmenistan', 1, '2022-08-16 02:30:27', '2022-08-16 02:30:27'),
(32, 'TJ', 'Tacikistan', 1, '2022-08-16 02:30:27', '2022-08-16 02:30:27'),
(33, 'RO', 'Romanya', 1, '2022-08-16 02:30:27', '2022-08-16 02:30:27'),
(34, 'TK', 'Tokelau', 1, '2022-08-16 02:30:27', '2022-08-16 02:30:27'),
(35, 'GW', 'Gine-Bissau', 1, '2022-08-16 02:30:27', '2022-08-16 02:30:27'),
(36, 'GU', 'Guam', 1, '2022-08-16 02:30:27', '2022-08-16 02:30:27'),
(37, 'GT', 'Guatemala', 1, '2022-08-16 02:30:27', '2022-08-16 02:30:27'),
(38, 'GS', 'Güney Georgia ve Güney Sandviç Adaları', 1, '2022-08-16 02:30:27', '2022-08-16 02:30:27'),
(39, 'GR', 'Yunanistan', 1, '2022-08-16 02:30:27', '2022-08-16 02:30:27'),
(40, 'GQ', 'Ekvator Ginesi', 1, '2022-08-16 02:30:27', '2022-08-16 02:30:27'),
(41, 'GP', 'Guadeloupe', 1, '2022-08-16 02:30:27', '2022-08-16 02:30:27'),
(42, 'JP', 'Japonya', 1, '2022-08-16 02:30:27', '2022-08-16 02:30:27'),
(43, 'GY', 'Guyana', 1, '2022-08-16 02:30:27', '2022-08-16 02:30:27'),
(44, 'GG', 'Guernsey', 1, '2022-08-16 02:30:27', '2022-08-16 02:30:27'),
(45, 'GF', 'Fransız Guyanası', 1, '2022-08-16 02:30:27', '2022-08-16 02:30:27'),
(46, 'GE', 'Gürcistan', 1, '2022-08-16 02:30:27', '2022-08-16 02:30:27'),
(47, 'GD', 'Grenada', 1, '2022-08-16 02:30:27', '2022-08-16 02:30:27'),
(48, 'GB', 'Birleşik Krallık', 1, '2022-08-16 02:30:27', '2022-08-16 02:30:27'),
(49, 'GA', 'Gabon', 1, '2022-08-16 02:30:27', '2022-08-16 02:30:27'),
(50, 'SV', 'El Salvador', 1, '2022-08-16 02:30:27', '2022-08-16 02:30:27'),
(51, 'GN', 'Gine', 1, '2022-08-16 02:30:27', '2022-08-16 02:30:27'),
(52, 'GM', 'Gambiya', 1, '2022-08-16 02:30:27', '2022-08-16 02:30:27'),
(53, 'GL', 'Grönland', 1, '2022-08-16 02:30:27', '2022-08-16 02:30:27'),
(54, 'GI', 'Cebelitarık', 1, '2022-08-16 02:30:27', '2022-08-16 02:30:27'),
(55, 'GH', 'Gana', 1, '2022-08-16 02:30:27', '2022-08-16 02:30:27'),
(56, 'OM', 'Umman', 1, '2022-08-16 02:30:27', '2022-08-16 02:30:27'),
(57, 'TN', 'Tunus', 1, '2022-08-16 02:30:27', '2022-08-16 02:30:27'),
(58, 'JO', 'Ürdün', 1, '2022-08-16 02:30:27', '2022-08-16 02:30:27'),
(59, 'IK', 'Hırvatistan', 1, '2022-08-16 02:30:27', '2022-08-16 02:30:27'),
(60, 'HT', 'Haiti', 1, '2022-08-16 02:30:27', '2022-08-16 02:30:27'),
(61, 'HU', 'Macaristan', 1, '2022-08-16 02:30:27', '2022-08-16 02:30:27'),
(62, 'HK', 'Hong Kong', 1, '2022-08-16 02:30:27', '2022-08-16 02:30:27'),
(63, 'HN', 'Honduras', 1, '2022-08-16 02:30:27', '2022-08-16 02:30:27'),
(64, 'HM', 'Heard Adası ve McDonald Adaları', 1, '2022-08-16 02:30:27', '2022-08-16 02:30:27'),
(65, 'VE', 'Venezüella', 1, '2022-08-16 02:30:27', '2022-08-16 02:30:27'),
(66, 'PR', 'Porto Riko', 1, '2022-08-16 02:30:27', '2022-08-16 02:30:27'),
(67, 'PW', 'Palau', 1, '2022-08-16 02:30:27', '2022-08-16 02:30:27'),
(68, 'PT', 'Portekiz', 1, '2022-08-16 02:30:27', '2022-08-16 02:30:27'),
(69, 'SJ', 'Svalbard', 1, '2022-08-16 02:30:27', '2022-08-16 02:30:27'),
(70, 'PY', 'Paraguay', 1, '2022-08-16 02:30:27', '2022-08-16 02:30:27'),
(71, 'IQ', 'Irak', 1, '2022-08-16 02:30:27', '2022-08-16 02:30:27'),
(72, 'PA', 'Panama', 1, '2022-08-16 02:30:27', '2022-08-16 02:30:27'),
(73, 'PF', 'Fransız Polinezyası', 1, '2022-08-16 02:30:27', '2022-08-16 02:30:27'),
(74, 'PG', 'Papua Yeni Gine', 1, '2022-08-16 02:30:27', '2022-08-16 02:30:27'),
(75, 'PE', 'Peru', 1, '2022-08-16 02:30:27', '2022-08-16 02:30:27'),
(76, 'PK', 'Pakistan', 1, '2022-08-16 02:30:27', '2022-08-16 02:30:27'),
(77, 'PH', 'Filipinler', 1, '2022-08-16 02:30:27', '2022-08-16 02:30:27'),
(78, 'PN', 'Pitcairn Adaları', 1, '2022-08-16 02:30:27', '2022-08-16 02:30:27'),
(79, 'PL', 'Polonya', 1, '2022-08-16 02:30:27', '2022-08-16 02:30:27'),
(80, 'PM', 'Saint Pierre ve Miquelon', 1, '2022-08-16 02:30:27', '2022-08-16 02:30:27'),
(81, 'ZM', 'Zambiya', 1, '2022-08-16 02:30:27', '2022-08-16 02:30:27'),
(82, 'EH', 'Batı Sahra', 1, '2022-08-16 02:30:27', '2022-08-16 02:30:27'),
(83, 'EE', 'Estonya', 1, '2022-08-16 02:30:27', '2022-08-16 02:30:27'),
(84, 'EG', 'Mısır', 1, '2022-08-16 02:30:27', '2022-08-16 02:30:27'),
(85, 'ZA', 'Güney Afrika', 1, '2022-08-16 02:30:27', '2022-08-16 02:30:27'),
(86, 'EC', 'Ekvador', 1, '2022-08-16 02:30:27', '2022-08-16 02:30:27'),
(87, 'IT', 'İtalya', 1, '2022-08-16 02:30:27', '2022-08-16 02:30:27'),
(88, 'VN', 'Vietnam', 1, '2022-08-16 02:30:27', '2022-08-16 02:30:27'),
(89, 'SB', 'Solomon Adaları', 1, '2022-08-16 02:30:27', '2022-08-16 02:30:27'),
(90, 'ET', 'Etiyopya', 1, '2022-08-16 02:30:27', '2022-08-16 02:30:27'),
(91, 'SO', 'Somali', 1, '2022-08-16 02:30:27', '2022-08-16 02:30:27'),
(92, 'ZW', 'Zimbabwe', 1, '2022-08-16 02:30:27', '2022-08-16 02:30:27'),
(93, 'SA', 'Suudi Arabistan', 1, '2022-08-16 02:30:27', '2022-08-16 02:30:27'),
(94, 'ES', 'İspanya', 1, '2022-08-16 02:30:27', '2022-08-16 02:30:27'),
(95, 'ER', 'Eritrea', 1, '2022-08-16 02:30:27', '2022-08-16 02:30:27'),
(96, 'ME', 'Karadağ', 1, '2022-08-16 02:30:27', '2022-08-16 02:30:27'),
(97, 'MD', 'Moldova', 1, '2022-08-16 02:30:27', '2022-08-16 02:30:27'),
(98, 'MG', 'Madagaskar', 1, '2022-08-16 02:30:27', '2022-08-16 02:30:27'),
(99, 'MF', 'Saint Martin', 1, '2022-08-16 02:30:27', '2022-08-16 02:30:27'),
(100, 'MA', 'Fas', 1, '2022-08-16 02:30:27', '2022-08-16 02:30:27'),
(101, 'MC', 'Monaco', 1, '2022-08-16 02:30:27', '2022-08-16 02:30:27'),
(102, 'UZ', 'Özbekistan', 1, '2022-08-16 02:30:27', '2022-08-16 02:30:27'),
(103, 'MM', 'Myanmar', 1, '2022-08-16 02:30:27', '2022-08-16 02:30:27'),
(104, 'ML', 'Mali', 1, '2022-08-16 02:30:27', '2022-08-16 02:30:27'),
(105, 'MO', 'Macao', 1, '2022-08-16 02:30:27', '2022-08-16 02:30:27'),
(106, 'MN', 'Moğolistan', 1, '2022-08-16 02:30:27', '2022-08-16 02:30:27'),
(107, 'MH', 'Marshall Adaları', 1, '2022-08-16 02:30:27', '2022-08-16 02:30:27'),
(108, 'MK', 'Makedonya', 1, '2022-08-16 02:30:27', '2022-08-16 02:30:27'),
(109, 'MU', 'Mauritius', 1, '2022-08-16 02:30:27', '2022-08-16 02:30:27'),
(110, 'MT', 'Malta', 1, '2022-08-16 02:30:27', '2022-08-16 02:30:27'),
(111, 'MW', 'Malavi', 1, '2022-08-16 02:30:27', '2022-08-16 02:30:27'),
(112, 'MV', 'Maldivler', 1, '2022-08-16 02:30:27', '2022-08-16 02:30:27'),
(113, 'MQ', 'Martinik', 1, '2022-08-16 02:30:27', '2022-08-16 02:30:27'),
(114, 'MP', 'Kuzey Mariana Adaları', 1, '2022-08-16 02:30:27', '2022-08-16 02:30:27'),
(115, 'MS', 'Montserrat', 1, '2022-08-16 02:30:27', '2022-08-16 02:30:27'),
(116, 'MR', 'Moritanya', 1, '2022-08-16 02:30:27', '2022-08-16 02:30:27'),
(117, 'IM', 'Isle of Man', 1, '2022-08-16 02:30:27', '2022-08-16 02:30:27'),
(118, 'UG', 'Uganda', 1, '2022-08-16 02:30:27', '2022-08-16 02:30:27'),
(119, 'TZ', 'Tanzanya', 1, '2022-08-16 02:30:27', '2022-08-16 02:30:27'),
(120, 'MY', 'Malezya', 1, '2022-08-16 02:30:27', '2022-08-16 02:30:27'),
(121, 'MX', 'Meksika', 1, '2022-08-16 02:30:27', '2022-08-16 02:30:27'),
(122, 'IL', 'İsrail', 1, '2022-08-16 02:30:27', '2022-08-16 02:30:27'),
(123, 'FR', 'Fransa', 1, '2022-08-16 02:30:27', '2022-08-16 02:30:27'),
(124, 'IO', 'İngiliz Hint Okyanusu Bölgesi', 1, '2022-08-16 02:30:27', '2022-08-16 02:30:27'),
(125, 'SH', 'Saint Helena', 1, '2022-08-16 02:30:27', '2022-08-16 02:30:27'),
(126, 'FI', 'Finlandiya', 1, '2022-08-16 02:30:27', '2022-08-16 02:30:27'),
(127, 'FJ', 'Fiji', 1, '2022-08-16 02:30:27', '2022-08-16 02:30:27'),
(128, 'FK', 'Falkland Adaları', 1, '2022-08-16 02:30:27', '2022-08-16 02:30:27'),
(129, 'FM', 'Mikronezya', 1, '2022-08-16 02:30:27', '2022-08-16 02:30:27'),
(130, 'FO', 'Faroe Adaları', 1, '2022-08-16 02:30:27', '2022-08-16 02:30:27'),
(131, 'NI', 'Nikaragua', 1, '2022-08-16 02:30:27', '2022-08-16 02:30:27'),
(132, 'NL', 'Hollanda', 1, '2022-08-16 02:30:27', '2022-08-16 02:30:27'),
(133, 'NO', 'Norveç', 1, '2022-08-16 02:30:27', '2022-08-16 02:30:27'),
(134, 'NA', 'Namibya', 1, '2022-08-16 02:30:27', '2022-08-16 02:30:27'),
(135, 'VU', 'Vanuatu', 1, '2022-08-16 02:30:27', '2022-08-16 02:30:27'),
(136, 'NC', 'Yeni Kaledonya', 1, '2022-08-16 02:30:27', '2022-08-16 02:30:27'),
(137, 'NE', 'Nijer', 1, '2022-08-16 02:30:27', '2022-08-16 02:30:27'),
(138, 'NF', 'Norfolk Adası', 1, '2022-08-16 02:30:27', '2022-08-16 02:30:27'),
(139, 'NG', 'Nijerya', 1, '2022-08-16 02:30:27', '2022-08-16 02:30:27'),
(140, 'NZ', 'Yeni Zelanda', 1, '2022-08-16 02:30:27', '2022-08-16 02:30:27'),
(141, 'NP', 'Nepal', 1, '2022-08-16 02:30:27', '2022-08-16 02:30:27'),
(142, 'NR', 'Nauru', 1, '2022-08-16 02:30:27', '2022-08-16 02:30:27'),
(143, 'NU', 'Niue', 1, '2022-08-16 02:30:27', '2022-08-16 02:30:27'),
(144, 'CK', 'Cook Adaları', 1, '2022-08-16 02:30:27', '2022-08-16 02:30:27'),
(145, 'XK', 'Kosova', 1, '2022-08-16 02:30:27', '2022-08-16 02:30:27'),
(146, 'CI', 'Fildişi Sahilleri', 1, '2022-08-16 02:30:27', '2022-08-16 02:30:27'),
(147, 'CH', 'İsviçre', 1, '2022-08-16 02:30:27', '2022-08-16 02:30:27'),
(148, 'CO', 'Kolombiya', 1, '2022-08-16 02:30:27', '2022-08-16 02:30:27'),
(149, 'CN', 'Çin', 1, '2022-08-16 02:30:27', '2022-08-16 02:30:27'),
(150, 'CM', 'Kamerun', 1, '2022-08-16 02:30:27', '2022-08-16 02:30:27'),
(151, 'CL', 'Şili', 1, '2022-08-16 02:30:27', '2022-08-16 02:30:27'),
(152, 'CC', 'Cocos Adaları', 1, '2022-08-16 02:30:27', '2022-08-16 02:30:27'),
(153, 'CA', 'Kanada', 1, '2022-08-16 02:30:27', '2022-08-16 02:30:27'),
(154, 'CG', 'Kongo Cumhuriyeti', 1, '2022-08-16 02:30:27', '2022-08-16 02:30:27'),
(155, 'CF', 'Orta Afrika Cumhuriyeti', 1, '2022-08-16 02:30:27', '2022-08-16 02:30:27'),
(156, 'CD', 'Demokratik Kongo Cumhuriyeti', 1, '2022-08-16 02:30:27', '2022-08-16 02:30:27'),
(157, 'CZ', 'Çek Cumhuriyeti', 1, '2022-08-16 02:30:27', '2022-08-16 02:30:27'),
(158, 'CY', 'Kıbrıs', 1, '2022-08-16 02:30:27', '2022-08-16 02:30:27'),
(159, 'CX', 'Noel Adası', 1, '2022-08-16 02:30:27', '2022-08-16 02:30:27'),
(160, 'CR', 'Kosta Rika', 1, '2022-08-16 02:30:27', '2022-08-16 02:30:27'),
(161, 'CW', 'Curacao', 1, '2022-08-16 02:30:27', '2022-08-16 02:30:27'),
(162, 'CV', 'Cape Verde', 1, '2022-08-16 02:30:27', '2022-08-16 02:30:27'),
(163, 'CU', 'Küba', 1, '2022-08-16 02:30:27', '2022-08-16 02:30:27'),
(164, 'SZ', 'Svaziland', 1, '2022-08-16 02:30:27', '2022-08-16 02:30:27'),
(165, 'SY', 'Suriye', 1, '2022-08-16 02:30:27', '2022-08-16 02:30:27'),
(166, 'SX', 'Sint Maarten', 1, '2022-08-16 02:30:27', '2022-08-16 02:30:27'),
(167, 'KG', 'Kırgızistan', 1, '2022-08-16 02:30:27', '2022-08-16 02:30:27'),
(168, 'KE', 'Kenya', 1, '2022-08-16 02:30:27', '2022-08-16 02:30:27'),
(169, 'SS', 'Güney Sudan', 1, '2022-08-16 02:30:27', '2022-08-16 02:30:27'),
(170, 'SR', 'Surinam', 1, '2022-08-16 02:30:27', '2022-08-16 02:30:27'),
(171, 'KI', 'Kiribati', 1, '2022-08-16 02:30:27', '2022-08-16 02:30:27'),
(172, 'KH', 'Kamboçya', 1, '2022-08-16 02:30:27', '2022-08-16 02:30:27'),
(173, 'KN', 'Saint Kitts ve Nevis', 1, '2022-08-16 02:30:27', '2022-08-16 02:30:27'),
(174, 'KM', 'Komor', 1, '2022-08-16 02:30:27', '2022-08-16 02:30:27'),
(175, 'ST', 'Sao Tome ve Principe', 1, '2022-08-16 02:30:27', '2022-08-16 02:30:27'),
(176, 'SK', 'Slovakya', 1, '2022-08-16 02:30:27', '2022-08-16 02:30:27'),
(177, 'KR', 'Güney Kore', 1, '2022-08-16 02:30:27', '2022-08-16 02:30:27'),
(178, 'SI', 'Slovenya', 1, '2022-08-16 02:30:27', '2022-08-16 02:30:27'),
(179, 'KP', 'Kuzey Kore', 1, '2022-08-16 02:30:27', '2022-08-16 02:30:27'),
(180, 'KW', 'Kuveyt', 1, '2022-08-16 02:30:27', '2022-08-16 02:30:27'),
(181, 'SN', 'Senegal', 1, '2022-08-16 02:30:27', '2022-08-16 02:30:27'),
(182, 'SM', 'San Marino', 1, '2022-08-16 02:30:27', '2022-08-16 02:30:27'),
(183, 'SL', 'Sierra Leone', 1, '2022-08-16 02:30:27', '2022-08-16 02:30:27'),
(184, 'SC', 'Seyşel Adaları', 1, '2022-08-16 02:30:27', '2022-08-16 02:30:27'),
(185, 'KZ', 'Kazakistan', 1, '2022-08-16 02:30:27', '2022-08-16 02:30:27'),
(186, 'KY', 'Kayman Adaları', 1, '2022-08-16 02:30:27', '2022-08-16 02:30:27'),
(187, 'SG', 'Singapur', 1, '2022-08-16 02:30:27', '2022-08-16 02:30:27'),
(188, 'SE', 'İsveç', 1, '2022-08-16 02:30:27', '2022-08-16 02:30:27'),
(189, 'SD', 'Sudan', 1, '2022-08-16 02:30:27', '2022-08-16 02:30:27'),
(190, 'DO', 'Dominik Cumhuriyeti', 1, '2022-08-16 02:30:27', '2022-08-16 02:30:27'),
(191, 'DM', 'Dominika', 1, '2022-08-16 02:30:27', '2022-08-16 02:30:27'),
(192, 'DJ', 'Cibuti', 1, '2022-08-16 02:30:27', '2022-08-16 02:30:27'),
(193, 'DK', 'Danimarka', 1, '2022-08-16 02:30:27', '2022-08-16 02:30:27'),
(194, 'VG', 'İngiliz Virgin Adaları', 1, '2022-08-16 02:30:27', '2022-08-16 02:30:27'),
(195, 'DE', 'Almanya', 1, '2022-08-16 02:30:27', '2022-08-16 02:30:27'),
(196, 'YE', 'Yemen', 1, '2022-08-16 02:30:27', '2022-08-16 02:30:27'),
(197, 'DZ', 'Cezayir', 1, '2022-08-16 02:30:27', '2022-08-16 02:30:27'),
(198, 'ABD', 'Amerika Birleşik Devletleri', 1, '2022-08-16 02:30:27', '2022-08-16 02:30:27'),
(199, 'UY', 'Uruguay', 1, '2022-08-16 02:30:27', '2022-08-16 02:30:27'),
(200, 'YT', 'Mayotte', 1, '2022-08-16 02:30:27', '2022-08-16 02:30:27'),
(201, 'UM', 'Birleşik Devletlerin Küçük Dış Adaları', 1, '2022-08-16 02:30:27', '2022-08-16 02:30:27'),
(202, 'LB', 'Lübnan', 1, '2022-08-16 02:30:27', '2022-08-16 02:30:27'),
(203, 'LC', 'Saint Lucia', 1, '2022-08-16 02:30:27', '2022-08-16 02:30:27'),
(204, 'LA', 'Laos', 1, '2022-08-16 02:30:27', '2022-08-16 02:30:27'),
(205, 'TV', 'Tuvalu', 1, '2022-08-16 02:30:27', '2022-08-16 02:30:27'),
(206, 'TW', 'Tayvan', 1, '2022-08-16 02:30:27', '2022-08-16 02:30:27'),
(207, 'TT', 'Trinidad ve Tobago', 1, '2022-08-16 02:30:27', '2022-08-16 02:30:27'),
(208, 'TR', 'Türkiye', 1, '2022-08-16 02:30:27', '2022-08-16 02:30:27'),
(209, 'LK', 'Sri Lanka', 1, '2022-08-16 02:30:27', '2022-08-16 02:30:27'),
(210, 'LI', 'Lihtenştayn', 1, '2022-08-16 02:30:27', '2022-08-16 02:30:27'),
(211, 'LV\n', 'Letonya', 1, '2022-08-16 02:30:27', '2022-08-16 02:30:27');

-- --------------------------------------------------------

--
-- Table structure for table `failed_jobs`
--

CREATE TABLE `failed_jobs` (
  `id` bigint(20) UNSIGNED NOT NULL,
  `uuid` varchar(191) COLLATE utf8mb4_unicode_ci NOT NULL,
  `connection` text COLLATE utf8mb4_unicode_ci NOT NULL,
  `queue` text COLLATE utf8mb4_unicode_ci NOT NULL,
  `payload` longtext COLLATE utf8mb4_unicode_ci NOT NULL,
  `exception` longtext COLLATE utf8mb4_unicode_ci NOT NULL,
  `failed_at` timestamp NOT NULL DEFAULT current_timestamp()
) ENGINE=MyISAM DEFAULT CHARSET=utf8mb4 COLLATE=utf8mb4_unicode_ci;

-- --------------------------------------------------------

--
-- Table structure for table `languages`
--

CREATE TABLE `languages` (
  `language_id` bigint(20) UNSIGNED NOT NULL,
  `code` varchar(191) COLLATE utf8mb4_unicode_ci NOT NULL,
  `name` varchar(191) COLLATE utf8mb4_unicode_ci NOT NULL,
  `status` tinyint(1) NOT NULL,
  `created_at` timestamp NULL DEFAULT NULL,
  `updated_at` timestamp NULL DEFAULT NULL
) ENGINE=MyISAM DEFAULT CHARSET=utf8mb4 COLLATE=utf8mb4_unicode_ci;

--
-- Dumping data for table `languages`
--

INSERT INTO `languages` (`language_id`, `code`, `name`, `status`, `created_at`, `updated_at`) VALUES
(1, 'en', 'English', 1, '2022-08-17 01:38:26', '2022-08-17 01:38:26'),
(2, 'fr', 'Français', 1, '2022-08-17 01:38:26', '2022-08-17 01:38:26'),
(3, 'es', 'Español', 1, '2022-08-17 01:38:26', '2022-08-17 01:38:26'),
(4, 'de', 'Deutsch', 1, '2022-08-17 01:38:26', '2022-08-17 01:38:26'),
(5, 'it', 'Italiano', 1, '2022-08-17 01:38:26', '2022-08-17 01:38:26'),
(6, 'pt', 'Português', 1, '2022-08-17 01:38:26', '2022-08-17 01:38:26'),
(7, 'ru', 'Русский', 1, '2022-08-17 01:38:26', '2022-08-17 01:38:26'),
(8, 'zh', '中文', 1, '2022-08-17 01:38:26', '2022-08-17 01:38:26'),
(9, 'ja', '日本語', 1, '2022-08-17 01:38:26', '2022-08-17 01:38:26'),
(10, 'ko', '한국어', 1, '2022-08-17 01:38:26', '2022-08-17 01:38:26'),
(11, 'ar', 'العربية', 1, '2022-08-17 01:38:26', '2022-08-17 01:38:26'),
(12, 'tr', 'Türkçe', 1, '2022-08-17 01:38:26', '2022-08-17 01:38:26');

-- --------------------------------------------------------

--
-- Table structure for table `migrations`
--

CREATE TABLE `migrations` (
  `id` int(10) UNSIGNED NOT NULL,
  `migration` varchar(191) COLLATE utf8mb4_unicode_ci NOT NULL,
  `batch` int(11) NOT NULL
) ENGINE=MyISAM DEFAULT CHARSET=utf8mb4 COLLATE=utf8mb4_unicode_ci;

--
-- Dumping data for table `migrations`
--

INSERT INTO `migrations` (`id`, `migration`, `batch`) VALUES
(1, '2014_10_12_000000_create_users_table', 1),
(2, '2014_10_12_100000_create_password_resets_table', 1),
(3, '2019_08_19_000000_create_failed_jobs_table', 1),
(4, '2019_12_14_000001_create_personal_access_tokens_table', 1),
(5, '2022_08_26_133724_create_addresses', 1),
(6, '2022_08_26_133742_create_cities', 1),
(7, '2022_08_26_133754_create_countries', 1),
(8, '2022_08_26_133806_create_towns', 1),
(9, '2022_08_26_133825_create_languages', 1),
(10, '2022_08_26_133904_create_services', 1),
(11, '2022_08_26_133925_create_user_roles', 1),
(12, '2022_08_26_133943_create_user_types', 1),
(13, '2022_08_28_163529_create_products_table', 2);

-- --------------------------------------------------------

--
-- Table structure for table `password_resets`
--

CREATE TABLE `password_resets` (
  `email` varchar(191) COLLATE utf8mb4_unicode_ci NOT NULL,
  `token` varchar(191) COLLATE utf8mb4_unicode_ci NOT NULL,
  `created_at` timestamp NULL DEFAULT NULL
) ENGINE=MyISAM DEFAULT CHARSET=utf8mb4 COLLATE=utf8mb4_unicode_ci;

-- --------------------------------------------------------

--
-- Table structure for table `personal_access_tokens`
--

CREATE TABLE `personal_access_tokens` (
  `id` bigint(20) UNSIGNED NOT NULL,
  `tokenable_type` varchar(191) COLLATE utf8mb4_unicode_ci NOT NULL,
  `tokenable_id` bigint(20) UNSIGNED NOT NULL,
  `name` varchar(191) COLLATE utf8mb4_unicode_ci NOT NULL,
  `token` varchar(64) COLLATE utf8mb4_unicode_ci NOT NULL,
  `abilities` text COLLATE utf8mb4_unicode_ci DEFAULT NULL,
  `last_used_at` timestamp NULL DEFAULT NULL,
  `expires_at` timestamp NULL DEFAULT NULL,
  `created_at` timestamp NULL DEFAULT NULL,
  `updated_at` timestamp NULL DEFAULT NULL
) ENGINE=MyISAM DEFAULT CHARSET=utf8mb4 COLLATE=utf8mb4_unicode_ci;

-- --------------------------------------------------------

--
-- Table structure for table `products`
--

CREATE TABLE `products` (
  `product_id` bigint(20) UNSIGNED NOT NULL,
  `code` varchar(255) COLLATE utf8mb4_unicode_ci NOT NULL,
  `name` varchar(255) COLLATE utf8mb4_unicode_ci NOT NULL,
  `brand` varchar(255) COLLATE utf8mb4_unicode_ci NOT NULL,
  `tax` varchar(255) COLLATE utf8mb4_unicode_ci NOT NULL,
  `price` decimal(8,2) NOT NULL,
  `images` longtext COLLATE utf8mb4_unicode_ci NOT NULL,
  `status` tinyint(1) NOT NULL,
  `created_at` timestamp NULL DEFAULT NULL,
  `updated_at` timestamp NULL DEFAULT NULL
) ENGINE=MyISAM DEFAULT CHARSET=utf8mb4 COLLATE=utf8mb4_unicode_ci;

--
-- Dumping data for table `products`
--

INSERT INTO `products` (`product_id`, `code`, `name`, `brand`, `tax`, `price`, `images`, `status`, `created_at`, `updated_at`) VALUES
(1, 'samsung-a-50', 'Samsung A50 Cep Telefonu', 'Samsung', '18%', '3500.00', '[\n                \"https://images.unsplash.com/photo-1657299143322-934f44698807?ixlib=rb-1.2.1&ixid=MnwxMjA3fDF8MHxwaG90by1wYWdlfHx8fGVufDB8fHx8&auto=format&fit=crop&w=2574&q=80\",\n                \"https://images.unsplash.com/photo-1657214059233-5626b35eb349?ixlib=rb-1.2.1&ixid=MnwxMjA3fDF8MHxwaG90by1wYWdlfHx8fGVufDB8fHx8&auto=format&fit=crop&w=2536&q=80\",\n                \"https://images.unsplash.com/photo-1652210998083-428eaf01f6bc?ixlib=rb-1.2.1&ixid=MnwxMjA3fDB8MHxwaG90by1wYWdlfHx8fGVufDB8fHx8&auto=format&fit=crop&w=2564&q=80\",\n                \"https://images.unsplash.com/photo-1661630803143-de2704595708?ixlib=rb-1.2.1&ixid=MnwxMjA3fDB8MHxwaG90by1wYWdlfHx8fGVufDB8fHx8&auto=format&fit=crop&w=2565&q=80\"\n            ]', 1, '2022-08-28 12:00:18', '2022-08-28 12:00:18');

-- --------------------------------------------------------

--
-- Table structure for table `services`
--

CREATE TABLE `services` (
  `service_id` bigint(20) UNSIGNED NOT NULL,
  `code` varchar(191) COLLATE utf8mb4_unicode_ci NOT NULL,
  `name` varchar(191) COLLATE utf8mb4_unicode_ci NOT NULL,
  `status` tinyint(1) NOT NULL,
  `created_at` timestamp NULL DEFAULT NULL,
  `updated_at` timestamp NULL DEFAULT NULL
) ENGINE=MyISAM DEFAULT CHARSET=utf8mb4 COLLATE=utf8mb4_unicode_ci;

--
-- Dumping data for table `services`
--

INSERT INTO `services` (`service_id`, `code`, `name`, `status`, `created_at`, `updated_at`) VALUES
(1, 'product', 'Ürünler', 1, '2022-08-28 10:04:39', '2022-08-28 10:04:39'),
(2, 'user', 'Kullanıcılar', 1, '2022-08-28 10:04:54', '2022-08-28 10:04:54'),
(3, 'usertype', 'Kullanıcı Tipleri', 1, '2022-08-31 08:18:05', '2022-08-31 08:18:05'),
(4, 'service', 'Servisler', 1, '2022-08-31 14:17:28', '2022-08-31 14:17:28');

-- --------------------------------------------------------

--
-- Table structure for table `towns`
--

CREATE TABLE `towns` (
  `town_id` bigint(20) UNSIGNED NOT NULL,
  `name` varchar(191) COLLATE utf8mb4_unicode_ci NOT NULL,
  `city_id` bigint(20) UNSIGNED NOT NULL,
  `status` tinyint(1) NOT NULL,
  `created_at` timestamp NULL DEFAULT NULL,
  `updated_at` timestamp NULL DEFAULT NULL
) ENGINE=MyISAM DEFAULT CHARSET=utf8mb4 COLLATE=utf8mb4_unicode_ci;

--
-- Dumping data for table `towns`
--

INSERT INTO `towns` (`town_id`, `name`, `city_id`, `status`, `created_at`, `updated_at`) VALUES
(1, 'Aladağ', 1, 1, '2022-08-16 04:55:47', '2022-08-16 04:55:47'),
(2, 'Seyhan', 1, 1, '2022-08-16 04:55:47', '2022-08-16 04:55:47'),
(3, 'Yüreğir', 1, 1, '2022-08-16 04:55:47', '2022-08-16 04:55:47'),
(4, 'Çukurova', 1, 1, '2022-08-16 04:55:47', '2022-08-16 04:55:47'),
(5, 'Sarıçam', 1, 1, '2022-08-16 04:55:47', '2022-08-16 04:55:47'),
(6, 'Ceyhan', 1, 1, '2022-08-16 04:55:47', '2022-08-16 04:55:47'),
(7, 'Kozan', 1, 1, '2022-08-16 04:55:47', '2022-08-16 04:55:47'),
(8, 'İmamoğlu', 1, 1, '2022-08-16 04:55:47', '2022-08-16 04:55:47'),
(9, 'Karataş', 1, 1, '2022-08-16 04:55:47', '2022-08-16 04:55:47'),
(10, 'Karaisalı', 1, 1, '2022-08-16 04:55:47', '2022-08-16 04:55:47'),
(11, 'Pozantı', 1, 1, '2022-08-16 04:55:47', '2022-08-16 04:55:47'),
(12, 'Yumurtalık', 1, 1, '2022-08-16 04:55:47', '2022-08-16 04:55:47'),
(13, 'Tufanbeyli', 1, 1, '2022-08-16 04:55:47', '2022-08-16 04:55:47'),
(14, 'Feke', 1, 1, '2022-08-16 04:55:47', '2022-08-16 04:55:47'),
(15, 'Saimbeyli', 1, 1, '2022-08-16 04:55:47', '2022-08-16 04:55:47'),
(16, 'Merkez', 2, 1, '2022-08-16 04:55:47', '2022-08-16 04:55:47'),
(17, 'Kahta', 2, 1, '2022-08-16 04:55:47', '2022-08-16 04:55:47'),
(18, 'Besni', 2, 1, '2022-08-16 04:55:47', '2022-08-16 04:55:47'),
(19, 'Gölbaşı', 2, 1, '2022-08-16 04:55:47', '2022-08-16 04:55:47'),
(20, 'Gerger', 2, 1, '2022-08-16 04:55:47', '2022-08-16 04:55:47'),
(21, 'Sincik', 2, 1, '2022-08-16 04:55:47', '2022-08-16 04:55:47'),
(22, 'Çelikhan', 2, 1, '2022-08-16 04:55:47', '2022-08-16 04:55:47'),
(23, 'Tut', 2, 1, '2022-08-16 04:55:47', '2022-08-16 04:55:47'),
(24, 'Samsat', 2, 1, '2022-08-16 04:55:47', '2022-08-16 04:55:47'),
(25, 'Merkez', 3, 1, '2022-08-16 04:55:47', '2022-08-16 04:55:47'),
(26, 'Sandıklı', 3, 1, '2022-08-16 04:55:47', '2022-08-16 04:55:47'),
(27, 'Dinar', 3, 1, '2022-08-16 04:55:47', '2022-08-16 04:55:47'),
(28, 'Bolvadin', 3, 1, '2022-08-16 04:55:47', '2022-08-16 04:55:47'),
(29, 'Sinanpaşa', 3, 1, '2022-08-16 04:55:47', '2022-08-16 04:55:47'),
(30, 'Emirdağ', 3, 1, '2022-08-16 04:55:47', '2022-08-16 04:55:47'),
(31, 'Şuhut', 3, 1, '2022-08-16 04:55:47', '2022-08-16 04:55:47'),
(32, 'Çay', 3, 1, '2022-08-16 04:55:47', '2022-08-16 04:55:47'),
(33, 'İhsaniye', 3, 1, '2022-08-16 04:55:47', '2022-08-16 04:55:47'),
(34, 'İscehisar', 3, 1, '2022-08-16 04:55:47', '2022-08-16 04:55:47'),
(35, 'Sultandağı', 3, 1, '2022-08-16 04:55:47', '2022-08-16 04:55:47'),
(36, 'Çobanlar', 3, 1, '2022-08-16 04:55:47', '2022-08-16 04:55:47'),
(37, 'Dazkırı', 3, 1, '2022-08-16 04:55:47', '2022-08-16 04:55:47'),
(38, 'Başmakçı', 3, 1, '2022-08-16 04:55:47', '2022-08-16 04:55:47'),
(39, 'Hocalar', 3, 1, '2022-08-16 04:55:47', '2022-08-16 04:55:47'),
(40, 'Bayat', 3, 1, '2022-08-16 04:55:47', '2022-08-16 04:55:47'),
(41, 'Evciler', 3, 1, '2022-08-16 04:55:47', '2022-08-16 04:55:47'),
(42, 'Kızılören', 3, 1, '2022-08-16 04:55:47', '2022-08-16 04:55:47'),
(43, 'Merkez', 4, 1, '2022-08-16 04:55:47', '2022-08-16 04:55:47'),
(44, 'Patnos', 4, 1, '2022-08-16 04:55:47', '2022-08-16 04:55:47'),
(45, 'Doğubayazıt', 4, 1, '2022-08-16 04:55:47', '2022-08-16 04:55:47'),
(46, 'Diyadin', 4, 1, '2022-08-16 04:55:47', '2022-08-16 04:55:47'),
(47, 'Eleşkirt', 4, 1, '2022-08-16 04:55:47', '2022-08-16 04:55:47'),
(48, 'Tutak', 4, 1, '2022-08-16 04:55:47', '2022-08-16 04:55:47'),
(49, 'Taşlıçay', 4, 1, '2022-08-16 04:55:47', '2022-08-16 04:55:47'),
(50, 'Hamur', 4, 1, '2022-08-16 04:55:47', '2022-08-16 04:55:47'),
(51, 'Merkez', 5, 1, '2022-08-16 04:55:47', '2022-08-16 04:55:47'),
(52, 'Merzifon', 5, 1, '2022-08-16 04:55:47', '2022-08-16 04:55:47'),
(53, 'Suluova', 5, 1, '2022-08-16 04:55:47', '2022-08-16 04:55:47'),
(54, 'Taşova', 5, 1, '2022-08-16 04:55:47', '2022-08-16 04:55:47'),
(55, 'Göynücek', 5, 1, '2022-08-16 04:55:47', '2022-08-16 04:55:47'),
(56, 'Hamamözü', 5, 1, '2022-08-16 04:55:47', '2022-08-16 04:55:47'),
(57, 'Çankaya', 6, 1, '2022-08-16 04:55:47', '2022-08-16 04:55:47'),
(58, 'Keçiören', 6, 1, '2022-08-16 04:55:47', '2022-08-16 04:55:47'),
(59, 'Yenimahalle', 6, 1, '2022-08-16 04:55:47', '2022-08-16 04:55:47'),
(60, 'Mamak', 6, 1, '2022-08-16 04:55:47', '2022-08-16 04:55:47'),
(61, 'Etimesgut', 6, 1, '2022-08-16 04:55:47', '2022-08-16 04:55:47'),
(62, 'Sincan', 6, 1, '2022-08-16 04:55:47', '2022-08-16 04:55:47'),
(63, 'Altındağ', 6, 1, '2022-08-16 04:55:47', '2022-08-16 04:55:47'),
(64, 'Pursaklar', 6, 1, '2022-08-16 04:55:47', '2022-08-16 04:55:47'),
(65, 'Gölbaşı', 6, 1, '2022-08-16 04:55:47', '2022-08-16 04:55:47'),
(66, 'Polatlı', 6, 1, '2022-08-16 04:55:47', '2022-08-16 04:55:47'),
(67, 'Çubuk', 6, 1, '2022-08-16 04:55:47', '2022-08-16 04:55:47'),
(68, 'Kahramankazan', 6, 1, '2022-08-16 04:55:47', '2022-08-16 04:55:47'),
(69, 'Beypazarı', 6, 1, '2022-08-16 04:55:47', '2022-08-16 04:55:47'),
(70, 'Haymana', 6, 1, '2022-08-16 04:55:47', '2022-08-16 04:55:47'),
(71, 'Elmadağ', 6, 1, '2022-08-16 04:55:47', '2022-08-16 04:55:47'),
(72, 'Akyurt', 6, 1, '2022-08-16 04:55:47', '2022-08-16 04:55:47'),
(73, 'Şereflikoçhisar', 6, 1, '2022-08-16 04:55:47', '2022-08-16 04:55:47'),
(74, 'Bala', 6, 1, '2022-08-16 04:55:47', '2022-08-16 04:55:47'),
(75, 'Kızılcahamam', 6, 1, '2022-08-16 04:55:47', '2022-08-16 04:55:47'),
(76, 'Nallıhan', 6, 1, '2022-08-16 04:55:47', '2022-08-16 04:55:47'),
(77, 'Ayaş', 6, 1, '2022-08-16 04:55:47', '2022-08-16 04:55:47'),
(78, 'Çamlıdere', 6, 1, '2022-08-16 04:55:47', '2022-08-16 04:55:47'),
(79, 'Kalecik', 6, 1, '2022-08-16 04:55:47', '2022-08-16 04:55:47'),
(80, 'Güdül', 6, 1, '2022-08-16 04:55:47', '2022-08-16 04:55:47'),
(81, 'Evren', 6, 1, '2022-08-16 04:55:47', '2022-08-16 04:55:47'),
(82, 'Kepez', 7, 1, '2022-08-16 04:55:47', '2022-08-16 04:55:47'),
(83, 'Muratpaşa', 7, 1, '2022-08-16 04:55:47', '2022-08-16 04:55:47'),
(84, 'Alanya', 7, 1, '2022-08-16 04:55:47', '2022-08-16 04:55:47'),
(85, 'Manavgat', 7, 1, '2022-08-16 04:55:47', '2022-08-16 04:55:47'),
(86, 'Konyaaltı', 7, 1, '2022-08-16 04:55:47', '2022-08-16 04:55:47'),
(87, 'Serik', 7, 1, '2022-08-16 04:55:47', '2022-08-16 04:55:47'),
(88, 'Aksu', 7, 1, '2022-08-16 04:55:47', '2022-08-16 04:55:47'),
(89, 'Kumluca', 7, 1, '2022-08-16 04:55:47', '2022-08-16 04:55:47'),
(90, 'Döşemealtı', 7, 1, '2022-08-16 04:55:47', '2022-08-16 04:55:47'),
(91, 'Kaş', 7, 1, '2022-08-16 04:55:47', '2022-08-16 04:55:47'),
(92, 'Korkuteli', 7, 1, '2022-08-16 04:55:47', '2022-08-16 04:55:47'),
(93, 'Gazipaşa', 7, 1, '2022-08-16 04:55:47', '2022-08-16 04:55:47'),
(94, ' Finike', 7, 1, '2022-08-16 04:55:47', '2022-08-16 04:55:47'),
(95, 'Kemer', 7, 1, '2022-08-16 04:55:47', '2022-08-16 04:55:47'),
(96, 'Elmalı', 7, 1, '2022-08-16 04:55:47', '2022-08-16 04:55:47'),
(97, 'Demre', 7, 1, '2022-08-16 04:55:47', '2022-08-16 04:55:47'),
(98, 'Akseki', 7, 1, '2022-08-16 04:55:47', '2022-08-16 04:55:47'),
(99, 'Gündoğmuş', 7, 1, '2022-08-16 04:55:47', '2022-08-16 04:55:47'),
(100, 'İbradi', 7, 1, '2022-08-16 04:55:47', '2022-08-16 04:55:47'),
(101, 'Merkez', 8, 1, '2022-08-16 04:55:47', '2022-08-16 04:55:47'),
(102, 'Hopa', 8, 1, '2022-08-16 04:55:47', '2022-08-16 04:55:47'),
(103, 'Borçka', 8, 1, '2022-08-16 04:55:47', '2022-08-16 04:55:47'),
(104, 'Arhavi', 8, 1, '2022-08-16 04:55:47', '2022-08-16 04:55:47'),
(105, 'Yusufeli', 8, 1, '2022-08-16 04:55:47', '2022-08-16 04:55:47'),
(106, 'Şavşat', 8, 1, '2022-08-16 04:55:47', '2022-08-16 04:55:47'),
(107, 'Aksu', 8, 1, '2022-08-16 04:55:47', '2022-08-16 04:55:47'),
(108, 'Kumluca', 8, 1, '2022-08-16 04:55:47', '2022-08-16 04:55:47'),
(109, 'Ardanuç', 8, 1, '2022-08-16 04:55:47', '2022-08-16 04:55:47'),
(110, 'Kemalpaşa', 8, 1, '2022-08-16 04:55:47', '2022-08-16 04:55:47'),
(111, 'Murgul', 8, 1, '2022-08-16 04:55:47', '2022-08-16 04:55:47'),
(112, 'Efeler', 9, 1, '2022-08-16 04:55:47', '2022-08-16 04:55:47'),
(113, 'Nazilli', 9, 1, '2022-08-16 04:55:47', '2022-08-16 04:55:47'),
(114, 'Söke', 9, 1, '2022-08-16 04:55:47', '2022-08-16 04:55:47'),
(115, 'Kuşadası', 9, 1, '2022-08-16 04:55:47', '2022-08-16 04:55:47'),
(116, 'Didim', 9, 1, '2022-08-16 04:55:47', '2022-08-16 04:55:47'),
(117, 'İncirliova', 9, 1, '2022-08-16 04:55:47', '2022-08-16 04:55:47'),
(118, 'Çine', 9, 1, '2022-08-16 04:55:47', '2022-08-16 04:55:47'),
(119, 'Germencik', 9, 1, '2022-08-16 04:55:47', '2022-08-16 04:55:47'),
(120, 'Bozdoğan', 9, 1, '2022-08-16 04:55:47', '2022-08-16 04:55:47'),
(121, 'Köşk', 9, 1, '2022-08-16 04:55:47', '2022-08-16 04:55:47'),
(122, 'Kuyucak', 9, 1, '2022-08-16 04:55:47', '2022-08-16 04:55:47'),
(123, 'Koçarlı', 9, 1, '2022-08-16 04:55:47', '2022-08-16 04:55:47'),
(124, 'Sultanhisar', 9, 1, '2022-08-16 04:55:47', '2022-08-16 04:55:47'),
(125, 'Karacasu', 9, 1, '2022-08-16 04:55:47', '2022-08-16 04:55:47'),
(126, 'Buharkent', 9, 1, '2022-08-16 04:55:47', '2022-08-16 04:55:47'),
(127, 'Yenipazar', 9, 1, '2022-08-16 04:55:47', '2022-08-16 04:55:47'),
(128, 'Karpuzlu', 9, 1, '2022-08-16 04:55:47', '2022-08-16 04:55:47'),
(129, 'Altıeylül', 10, 1, '2022-08-16 04:55:47', '2022-08-16 04:55:47'),
(130, 'Karesi', 10, 1, '2022-08-16 04:55:47', '2022-08-16 04:55:47'),
(131, 'Edremit', 10, 1, '2022-08-16 04:55:47', '2022-08-16 04:55:47'),
(132, 'Bandırma', 10, 1, '2022-08-16 04:55:47', '2022-08-16 04:55:47'),
(133, 'Gönen', 10, 1, '2022-08-16 04:55:47', '2022-08-16 04:55:47'),
(134, 'Ayvalık', 10, 1, '2022-08-16 04:55:47', '2022-08-16 04:55:47'),
(135, 'Burhaniye', 10, 1, '2022-08-16 04:55:47', '2022-08-16 04:55:47'),
(136, 'Bigadiç', 10, 1, '2022-08-16 04:55:47', '2022-08-16 04:55:47'),
(137, 'Susurluk', 10, 1, '2022-08-16 04:55:47', '2022-08-16 04:55:47'),
(138, 'Dursunbey', 10, 1, '2022-08-16 04:55:47', '2022-08-16 04:55:47'),
(139, 'Sındırgı', 10, 1, '2022-08-16 04:55:47', '2022-08-16 04:55:47'),
(140, 'Erdek', 10, 1, '2022-08-16 04:55:47', '2022-08-16 04:55:47'),
(141, 'İvrindi', 10, 1, '2022-08-16 04:55:47', '2022-08-16 04:55:47'),
(142, 'Havran', 10, 1, '2022-08-16 04:55:47', '2022-08-16 04:55:47'),
(143, 'Kepsut', 10, 1, '2022-08-16 04:55:47', '2022-08-16 04:55:47'),
(144, 'Manyas', 10, 1, '2022-08-16 04:55:47', '2022-08-16 04:55:47'),
(145, 'Savaştepe', 10, 1, '2022-08-16 04:55:47', '2022-08-16 04:55:47'),
(146, 'Gömeç', 10, 1, '2022-08-16 04:55:47', '2022-08-16 04:55:47'),
(147, 'Balya', 10, 1, '2022-08-16 04:55:47', '2022-08-16 04:55:47'),
(148, 'Marmara', 10, 1, '2022-08-16 04:55:47', '2022-08-16 04:55:47'),
(149, 'Merkez', 11, 1, '2022-08-16 04:55:47', '2022-08-16 04:55:47'),
(150, 'Bozüyük', 11, 1, '2022-08-16 04:55:47', '2022-08-16 04:55:47'),
(151, 'Osmaneli', 11, 1, '2022-08-16 04:55:47', '2022-08-16 04:55:47'),
(152, 'Söğüt', 11, 1, '2022-08-16 04:55:47', '2022-08-16 04:55:47'),
(153, 'Gölpazarı', 11, 1, '2022-08-16 04:55:47', '2022-08-16 04:55:47'),
(154, 'Pazaryeri', 11, 1, '2022-08-16 04:55:47', '2022-08-16 04:55:47'),
(155, 'İnhisar', 11, 1, '2022-08-16 04:55:47', '2022-08-16 04:55:47'),
(156, 'Yenipazar', 11, 1, '2022-08-16 04:55:47', '2022-08-16 04:55:47'),
(157, 'Merkez', 12, 1, '2022-08-16 04:55:47', '2022-08-16 04:55:47'),
(158, 'Genç', 12, 1, '2022-08-16 04:55:47', '2022-08-16 04:55:47'),
(159, 'Solhan', 12, 1, '2022-08-16 04:55:47', '2022-08-16 04:55:47'),
(160, 'Karlıova', 12, 1, '2022-08-16 04:55:47', '2022-08-16 04:55:47'),
(161, 'Adaklı', 12, 1, '2022-08-16 04:55:47', '2022-08-16 04:55:47'),
(162, 'Kiğı', 12, 1, '2022-08-16 04:55:47', '2022-08-16 04:55:47'),
(163, 'Yedisu', 12, 1, '2022-08-16 04:55:47', '2022-08-16 04:55:47'),
(164, 'Yayladere', 12, 1, '2022-08-16 04:55:47', '2022-08-16 04:55:47'),
(165, 'Tatvan', 13, 1, '2022-08-16 04:55:47', '2022-08-16 04:55:47'),
(166, 'Merkez', 13, 1, '2022-08-16 04:55:47', '2022-08-16 04:55:47'),
(167, 'Güroymak', 13, 1, '2022-08-16 04:55:47', '2022-08-16 04:55:47'),
(168, 'Ahlat', 13, 1, '2022-08-16 04:55:47', '2022-08-16 04:55:47'),
(169, 'Hizan', 13, 1, '2022-08-16 04:55:47', '2022-08-16 04:55:47'),
(170, 'Mutki', 13, 1, '2022-08-16 04:55:47', '2022-08-16 04:55:47'),
(171, 'Adilcevaz', 13, 1, '2022-08-16 04:55:47', '2022-08-16 04:55:47'),
(172, 'Merkez', 14, 1, '2022-08-16 04:55:47', '2022-08-16 04:55:47'),
(173, 'Gerede', 14, 1, '2022-08-16 04:55:47', '2022-08-16 04:55:47'),
(174, 'Mudurnu', 14, 1, '2022-08-16 04:55:47', '2022-08-16 04:55:47'),
(175, 'Göynük', 14, 1, '2022-08-16 04:55:47', '2022-08-16 04:55:47'),
(176, 'Mengen', 14, 1, '2022-08-16 04:55:47', '2022-08-16 04:55:47'),
(177, 'Yeniçağa', 14, 1, '2022-08-16 04:55:47', '2022-08-16 04:55:47'),
(178, 'Dörtdivan', 14, 1, '2022-08-16 04:55:47', '2022-08-16 04:55:47'),
(179, 'Seben', 14, 1, '2022-08-16 04:55:47', '2022-08-16 04:55:47'),
(180, 'Kıbrıscık', 14, 1, '2022-08-16 04:55:47', '2022-08-16 04:55:47'),
(181, 'Merkez', 15, 1, '2022-08-16 04:55:47', '2022-08-16 04:55:47'),
(182, 'Bucak', 15, 1, '2022-08-16 04:55:47', '2022-08-16 04:55:47'),
(183, 'Gölhisar', 15, 1, '2022-08-16 04:55:47', '2022-08-16 04:55:47'),
(184, 'Yeşilova', 15, 1, '2022-08-16 04:55:47', '2022-08-16 04:55:47'),
(185, 'Çavdır', 15, 1, '2022-08-16 04:55:47', '2022-08-16 04:55:47'),
(186, 'Tefenni', 15, 1, '2022-08-16 04:55:47', '2022-08-16 04:55:47'),
(187, 'Ağlasun', 15, 1, '2022-08-16 04:55:47', '2022-08-16 04:55:47'),
(188, 'Karamanlı', 15, 1, '2022-08-16 04:55:47', '2022-08-16 04:55:47'),
(189, 'Altınyayla', 15, 1, '2022-08-16 04:55:47', '2022-08-16 04:55:47'),
(190, 'Çeltikçi', 15, 1, '2022-08-16 04:55:47', '2022-08-16 04:55:47'),
(191, 'Kemer', 15, 1, '2022-08-16 04:55:47', '2022-08-16 04:55:47'),
(192, 'Osmangazi', 16, 1, '2022-08-16 04:55:47', '2022-08-16 04:55:47'),
(193, 'Yıldırım', 16, 1, '2022-08-16 04:55:47', '2022-08-16 04:55:47'),
(194, 'Nilüfer', 16, 1, '2022-08-16 04:55:47', '2022-08-16 04:55:47'),
(195, 'İnegöl', 16, 1, '2022-08-16 04:55:47', '2022-08-16 04:55:47'),
(196, 'Gemlik', 16, 1, '2022-08-16 04:55:47', '2022-08-16 04:55:47'),
(197, 'Mustafakemalpa', 16, 1, '2022-08-16 04:55:47', '2022-08-16 04:55:47'),
(198, 'Mudanya', 16, 1, '2022-08-16 04:55:47', '2022-08-16 04:55:47'),
(199, 'Gürsu', 16, 1, '2022-08-16 04:55:47', '2022-08-16 04:55:47'),
(200, 'Karacabey', 16, 1, '2022-08-16 04:55:47', '2022-08-16 04:55:47'),
(201, 'Orhangazi', 16, 1, '2022-08-16 04:55:47', '2022-08-16 04:55:47'),
(202, 'Kestel', 16, 1, '2022-08-16 04:55:47', '2022-08-16 04:55:47'),
(203, 'Yenişehir', 16, 1, '2022-08-16 04:55:47', '2022-08-16 04:55:47'),
(204, 'İznik', 16, 1, '2022-08-16 04:55:47', '2022-08-16 04:55:47'),
(205, 'Orhaneli', 16, 1, '2022-08-16 04:55:47', '2022-08-16 04:55:47'),
(206, 'Keles', 16, 1, '2022-08-16 04:55:47', '2022-08-16 04:55:47'),
(207, 'Büyükorhan', 16, 1, '2022-08-16 04:55:47', '2022-08-16 04:55:47'),
(208, 'Harmancık', 16, 1, '2022-08-16 04:55:47', '2022-08-16 04:55:47'),
(209, 'Merkez', 17, 1, '2022-08-16 04:55:47', '2022-08-16 04:55:47'),
(210, 'Biga', 17, 1, '2022-08-16 04:55:47', '2022-08-16 04:55:47'),
(211, 'Çan', 17, 1, '2022-08-16 04:55:47', '2022-08-16 04:55:47'),
(212, 'Gelibolu', 17, 1, '2022-08-16 04:55:47', '2022-08-16 04:55:47'),
(213, 'Ayvacık', 17, 1, '2022-08-16 04:55:47', '2022-08-16 04:55:47'),
(214, 'Ezine', 17, 1, '2022-08-16 04:55:47', '2022-08-16 04:55:47'),
(215, 'Yenice', 17, 1, '2022-08-16 04:55:47', '2022-08-16 04:55:47'),
(216, 'Bayramiç', 17, 1, '2022-08-16 04:55:47', '2022-08-16 04:55:47'),
(217, 'Lapseki', 17, 1, '2022-08-16 04:55:47', '2022-08-16 04:55:47'),
(218, 'Gökçeada', 17, 1, '2022-08-16 04:55:47', '2022-08-16 04:55:47'),
(219, 'Eceabat', 17, 1, '2022-08-16 04:55:47', '2022-08-16 04:55:47'),
(220, 'Bozcaada', 17, 1, '2022-08-16 04:55:47', '2022-08-16 04:55:47'),
(221, 'Merkez', 18, 1, '2022-08-16 04:55:47', '2022-08-16 04:55:47'),
(222, 'Orta', 18, 1, '2022-08-16 04:55:47', '2022-08-16 04:55:47'),
(223, 'Çerkeş', 18, 1, '2022-08-16 04:55:47', '2022-08-16 04:55:47'),
(224, 'Ilgaz', 18, 1, '2022-08-16 04:55:47', '2022-08-16 04:55:47'),
(225, 'Şabanözü', 18, 1, '2022-08-16 04:55:47', '2022-08-16 04:55:47'),
(226, 'Kurşunlu', 18, 1, '2022-08-16 04:55:47', '2022-08-16 04:55:47'),
(227, 'Yapraklı', 18, 1, '2022-08-16 04:55:47', '2022-08-16 04:55:47'),
(228, 'Kızılırmak', 18, 1, '2022-08-16 04:55:47', '2022-08-16 04:55:47'),
(229, 'Eldivan', 18, 1, '2022-08-16 04:55:47', '2022-08-16 04:55:47'),
(230, 'Atkaracalar', 18, 1, '2022-08-16 04:55:47', '2022-08-16 04:55:47'),
(231, 'Korgun', 18, 1, '2022-08-16 04:55:47', '2022-08-16 04:55:47'),
(232, 'Bayramören', 18, 1, '2022-08-16 04:55:47', '2022-08-16 04:55:47'),
(233, 'Merkez', 19, 1, '2022-08-16 04:55:47', '2022-08-16 04:55:47'),
(234, 'Sungurlu', 19, 1, '2022-08-16 04:55:47', '2022-08-16 04:55:47'),
(235, 'Osmancık', 19, 1, '2022-08-16 04:55:47', '2022-08-16 04:55:47'),
(236, 'İskilip', 19, 1, '2022-08-16 04:55:47', '2022-08-16 04:55:47'),
(237, 'Alaca', 19, 1, '2022-08-16 04:55:47', '2022-08-16 04:55:47'),
(238, 'Bayat', 19, 1, '2022-08-16 04:55:47', '2022-08-16 04:55:47'),
(239, 'Kargı', 19, 1, '2022-08-16 04:55:47', '2022-08-16 04:55:47'),
(240, 'Mecitözü', 19, 1, '2022-08-16 04:55:47', '2022-08-16 04:55:47'),
(241, 'Ortaköy', 19, 1, '2022-08-16 04:55:47', '2022-08-16 04:55:47'),
(242, 'Uğurludağ', 19, 1, '2022-08-16 04:55:47', '2022-08-16 04:55:47'),
(243, 'Dodurga', 19, 1, '2022-08-16 04:55:47', '2022-08-16 04:55:47'),
(244, 'Oğuzlar', 19, 1, '2022-08-16 04:55:47', '2022-08-16 04:55:47'),
(245, 'Laçin', 19, 1, '2022-08-16 04:55:47', '2022-08-16 04:55:47'),
(246, 'Boğazkale', 19, 1, '2022-08-16 04:55:47', '2022-08-16 04:55:47'),
(247, 'Pamukkale', 20, 1, '2022-08-16 04:55:47', '2022-08-16 04:55:47'),
(248, 'Merkezefendi', 20, 1, '2022-08-16 04:55:47', '2022-08-16 04:55:47'),
(249, 'Çivril', 20, 1, '2022-08-16 04:55:47', '2022-08-16 04:55:47'),
(250, 'Acıpayam', 20, 1, '2022-08-16 04:55:47', '2022-08-16 04:55:47'),
(251, 'Tavas', 20, 1, '2022-08-16 04:55:47', '2022-08-16 04:55:47'),
(252, 'Honaz', 20, 1, '2022-08-16 04:55:47', '2022-08-16 04:55:47'),
(253, 'Sarayköy', 20, 1, '2022-08-16 04:55:47', '2022-08-16 04:55:47'),
(254, 'Buldan', 20, 1, '2022-08-16 04:55:47', '2022-08-16 04:55:47'),
(255, 'Kale', 20, 1, '2022-08-16 04:55:47', '2022-08-16 04:55:47'),
(256, 'Çal', 20, 1, '2022-08-16 04:55:47', '2022-08-16 04:55:47'),
(257, 'Çameli', 20, 1, '2022-08-16 04:55:47', '2022-08-16 04:55:47'),
(258, 'Serinhisar', 20, 1, '2022-08-16 04:55:47', '2022-08-16 04:55:47'),
(259, 'Bozkurt', 20, 1, '2022-08-16 04:55:47', '2022-08-16 04:55:47'),
(260, 'Güney', 20, 1, '2022-08-16 04:55:47', '2022-08-16 04:55:47'),
(261, 'Çardak', 20, 1, '2022-08-16 04:55:47', '2022-08-16 04:55:47'),
(262, 'Bekilli', 20, 1, '2022-08-16 04:55:47', '2022-08-16 04:55:47'),
(263, 'Beyağaç', 20, 1, '2022-08-16 04:55:47', '2022-08-16 04:55:47'),
(264, 'Babadağ', 20, 1, '2022-08-16 04:55:47', '2022-08-16 04:55:47'),
(265, 'Baklan', 20, 1, '2022-08-16 04:55:47', '2022-08-16 04:55:47'),
(266, 'Bağlar', 21, 1, '2022-08-16 04:55:47', '2022-08-16 04:55:47'),
(267, 'Kayapınar', 21, 1, '2022-08-16 04:55:47', '2022-08-16 04:55:47'),
(268, 'Yenişehir', 21, 1, '2022-08-16 04:55:47', '2022-08-16 04:55:47'),
(269, 'Ergani', 21, 1, '2022-08-16 04:55:47', '2022-08-16 04:55:47'),
(270, 'Bismil', 21, 1, '2022-08-16 04:55:47', '2022-08-16 04:55:47'),
(271, 'Sur', 21, 1, '2022-08-16 04:55:47', '2022-08-16 04:55:47'),
(272, 'Silvan', 21, 1, '2022-08-16 04:55:47', '2022-08-16 04:55:47'),
(273, 'Çınar', 21, 1, '2022-08-16 04:55:47', '2022-08-16 04:55:47'),
(274, 'Çermik', 21, 1, '2022-08-16 04:55:47', '2022-08-16 04:55:47'),
(275, 'Dicle', 21, 1, '2022-08-16 04:55:47', '2022-08-16 04:55:47'),
(276, 'Kulp', 21, 1, '2022-08-16 04:55:47', '2022-08-16 04:55:47'),
(277, 'Hani', 21, 1, '2022-08-16 04:55:47', '2022-08-16 04:55:47'),
(278, 'Lice', 21, 1, '2022-08-16 04:55:47', '2022-08-16 04:55:47'),
(279, 'Eğil', 21, 1, '2022-08-16 04:55:47', '2022-08-16 04:55:47'),
(280, 'Hazro', 21, 1, '2022-08-16 04:55:47', '2022-08-16 04:55:47'),
(281, 'Kocaköy', 21, 1, '2022-08-16 04:55:47', '2022-08-16 04:55:47'),
(282, 'Çüngüş', 21, 1, '2022-08-16 04:55:47', '2022-08-16 04:55:47'),
(283, 'Merkez', 22, 1, '2022-08-16 04:55:47', '2022-08-16 04:55:47'),
(284, 'Keşan', 22, 1, '2022-08-16 04:55:47', '2022-08-16 04:55:47'),
(285, 'Uzunköprü', 22, 1, '2022-08-16 04:55:47', '2022-08-16 04:55:47'),
(286, 'İpsala', 22, 1, '2022-08-16 04:55:47', '2022-08-16 04:55:47'),
(287, 'Havsa', 22, 1, '2022-08-16 04:55:47', '2022-08-16 04:55:47'),
(288, 'Meriç', 22, 1, '2022-08-16 04:55:47', '2022-08-16 04:55:47'),
(289, 'Enez', 22, 1, '2022-08-16 04:55:47', '2022-08-16 04:55:47'),
(290, 'Süloğlu', 22, 1, '2022-08-16 04:55:47', '2022-08-16 04:55:47'),
(291, 'Lalapaşa', 22, 1, '2022-08-16 04:55:47', '2022-08-16 04:55:47'),
(292, 'Merkez', 23, 1, '2022-08-16 04:55:47', '2022-08-16 04:55:47'),
(293, 'Kovancılar', 23, 1, '2022-08-16 04:55:47', '2022-08-16 04:55:47'),
(294, 'Karakoçan', 23, 1, '2022-08-16 04:55:47', '2022-08-16 04:55:47'),
(295, 'Palu', 23, 1, '2022-08-16 04:55:47', '2022-08-16 04:55:47'),
(296, 'Baskil', 23, 1, '2022-08-16 04:55:47', '2022-08-16 04:55:47'),
(297, 'Arıcak', 23, 1, '2022-08-16 04:55:47', '2022-08-16 04:55:47'),
(298, 'Maden', 23, 1, '2022-08-16 04:55:47', '2022-08-16 04:55:47'),
(299, 'Sivrice', 23, 1, '2022-08-16 04:55:47', '2022-08-16 04:55:47'),
(300, 'Keban', 23, 1, '2022-08-16 04:55:47', '2022-08-16 04:55:47'),
(301, 'Alacakaya', 23, 1, '2022-08-16 04:55:47', '2022-08-16 04:55:47'),
(302, 'Ağın', 23, 1, '2022-08-16 04:55:47', '2022-08-16 04:55:47'),
(303, 'Merkez', 24, 1, '2022-08-16 04:55:47', '2022-08-16 04:55:47'),
(304, 'Tercan', 24, 1, '2022-08-16 04:55:47', '2022-08-16 04:55:47'),
(305, 'Üzümlü', 24, 1, '2022-08-16 04:55:47', '2022-08-16 04:55:47'),
(306, 'Refahiye', 24, 1, '2022-08-16 04:55:47', '2022-08-16 04:55:47'),
(307, 'Çayırlı', 24, 1, '2022-08-16 04:55:47', '2022-08-16 04:55:47'),
(308, 'İliç', 24, 1, '2022-08-16 04:55:47', '2022-08-16 04:55:47'),
(309, 'Kemah', 24, 1, '2022-08-16 04:55:47', '2022-08-16 04:55:47'),
(310, 'Kemaliye', 24, 1, '2022-08-16 04:55:47', '2022-08-16 04:55:47'),
(311, 'Otlukbeli', 24, 1, '2022-08-16 04:55:47', '2022-08-16 04:55:47'),
(312, 'Yakutiye', 25, 1, '2022-08-16 04:55:47', '2022-08-16 04:55:47'),
(313, 'Palandöken', 25, 1, '2022-08-16 04:55:47', '2022-08-16 04:55:47'),
(314, 'Aziziye', 25, 1, '2022-08-16 04:55:47', '2022-08-16 04:55:47'),
(315, 'Horasan', 25, 1, '2022-08-16 04:55:47', '2022-08-16 04:55:47'),
(316, 'Oltu', 25, 1, '2022-08-16 04:55:47', '2022-08-16 04:55:47'),
(317, 'Pasinler', 25, 1, '2022-08-16 04:55:47', '2022-08-16 04:55:47'),
(318, 'Karayazı', 25, 1, '2022-08-16 04:55:47', '2022-08-16 04:55:47'),
(319, 'Hınıs', 25, 1, '2022-08-16 04:55:47', '2022-08-16 04:55:47'),
(320, 'Tekman', 25, 1, '2022-08-16 04:55:47', '2022-08-16 04:55:47'),
(321, 'Aşkale', 25, 1, '2022-08-16 04:55:47', '2022-08-16 04:55:47'),
(322, 'Karaçoban', 25, 1, '2022-08-16 04:55:47', '2022-08-16 04:55:47'),
(323, 'Şenkaya', 25, 1, '2022-08-16 04:55:47', '2022-08-16 04:55:47'),
(324, 'Çat', 25, 1, '2022-08-16 04:55:47', '2022-08-16 04:55:47'),
(325, 'Tortum', 25, 1, '2022-08-16 04:55:47', '2022-08-16 04:55:47'),
(326, 'Köprüköy', 25, 1, '2022-08-16 04:55:47', '2022-08-16 04:55:47'),
(327, 'İspir', 25, 1, '2022-08-16 04:55:47', '2022-08-16 04:55:47'),
(328, 'Narman', 25, 1, '2022-08-16 04:55:47', '2022-08-16 04:55:47'),
(329, 'Uzundere', 25, 1, '2022-08-16 04:55:47', '2022-08-16 04:55:47'),
(330, 'Olur', 25, 1, '2022-08-16 04:55:47', '2022-08-16 04:55:47'),
(331, 'Pazaryolu', 25, 1, '2022-08-16 04:55:47', '2022-08-16 04:55:47'),
(332, 'Odunpazarı', 26, 1, '2022-08-16 04:55:47', '2022-08-16 04:55:47'),
(333, 'Tepebaşı', 26, 1, '2022-08-16 04:55:47', '2022-08-16 04:55:47'),
(334, 'Sivrihisar', 26, 1, '2022-08-16 04:55:47', '2022-08-16 04:55:47'),
(335, 'Çifteler', 26, 1, '2022-08-16 04:55:47', '2022-08-16 04:55:47'),
(336, 'Seyitgazi', 26, 1, '2022-08-16 04:55:47', '2022-08-16 04:55:47'),
(337, 'Alpu', 26, 1, '2022-08-16 04:55:47', '2022-08-16 04:55:47'),
(338, 'Mihalıççık', 26, 1, '2022-08-16 04:55:47', '2022-08-16 04:55:47'),
(339, 'Mahmudiye', 26, 1, '2022-08-16 04:55:47', '2022-08-16 04:55:47'),
(340, 'Beylikova', 26, 1, '2022-08-16 04:55:47', '2022-08-16 04:55:47'),
(341, 'İnönü', 26, 1, '2022-08-16 04:55:47', '2022-08-16 04:55:47'),
(342, 'Günyüzü', 26, 1, '2022-08-16 04:55:47', '2022-08-16 04:55:47'),
(343, 'Sarıcakaya', 26, 1, '2022-08-16 04:55:47', '2022-08-16 04:55:47'),
(344, 'Mihalgazi', 26, 1, '2022-08-16 04:55:47', '2022-08-16 04:55:47'),
(345, 'Han', 26, 1, '2022-08-16 04:55:47', '2022-08-16 04:55:47'),
(346, 'Şahinbey', 27, 1, '2022-08-16 04:55:47', '2022-08-16 04:55:47'),
(347, 'Şehitkamil', 27, 1, '2022-08-16 04:55:47', '2022-08-16 04:55:47'),
(348, 'Nizip', 27, 1, '2022-08-16 04:55:47', '2022-08-16 04:55:47'),
(349, 'İslahiye', 27, 1, '2022-08-16 04:55:47', '2022-08-16 04:55:47'),
(350, 'Nurdağı', 27, 1, '2022-08-16 04:55:47', '2022-08-16 04:55:47'),
(351, 'Araban', 27, 1, '2022-08-16 04:55:47', '2022-08-16 04:55:47'),
(352, 'Oğuzeli', 27, 1, '2022-08-16 04:55:47', '2022-08-16 04:55:47'),
(353, 'Yavuzeli', 27, 1, '2022-08-16 04:55:47', '2022-08-16 04:55:47'),
(354, 'Karkamış', 27, 1, '2022-08-16 04:55:47', '2022-08-16 04:55:47'),
(355, 'Merkez', 28, 1, '2022-08-16 04:55:47', '2022-08-16 04:55:47'),
(356, 'Bulancak', 28, 1, '2022-08-16 04:55:47', '2022-08-16 04:55:47'),
(357, 'Espiye', 28, 1, '2022-08-16 04:55:47', '2022-08-16 04:55:47'),
(358, 'Görele', 28, 1, '2022-08-16 04:55:47', '2022-08-16 04:55:47'),
(359, 'Tirebolu', 28, 1, '2022-08-16 04:55:47', '2022-08-16 04:55:47'),
(360, 'Şebinkarahisar', 28, 1, '2022-08-16 04:55:47', '2022-08-16 04:55:47'),
(361, 'Keşap', 28, 1, '2022-08-16 04:55:47', '2022-08-16 04:55:47'),
(362, 'Dereli', 28, 1, '2022-08-16 04:55:47', '2022-08-16 04:55:47'),
(363, 'Yağlıdere', 28, 1, '2022-08-16 04:55:47', '2022-08-16 04:55:47'),
(364, 'Piraziz', 28, 1, '2022-08-16 04:55:47', '2022-08-16 04:55:47'),
(365, 'Eynesil', 28, 1, '2022-08-16 04:55:47', '2022-08-16 04:55:47'),
(366, 'Alucra', 28, 1, '2022-08-16 04:55:47', '2022-08-16 04:55:47'),
(367, 'Çamoluk', 28, 1, '2022-08-16 04:55:47', '2022-08-16 04:55:47'),
(368, 'Güce', 28, 1, '2022-08-16 04:55:47', '2022-08-16 04:55:47'),
(369, 'Doğankent', 28, 1, '2022-08-16 04:55:47', '2022-08-16 04:55:47'),
(370, 'Çanakçı', 28, 1, '2022-08-16 04:55:47', '2022-08-16 04:55:47'),
(371, 'Merkez', 29, 1, '2022-08-16 04:55:47', '2022-08-16 04:55:47'),
(372, 'Kelkit', 29, 1, '2022-08-16 04:55:47', '2022-08-16 04:55:47'),
(373, 'Şiran', 29, 1, '2022-08-16 04:55:47', '2022-08-16 04:55:47'),
(374, 'Kürtün', 29, 1, '2022-08-16 04:55:47', '2022-08-16 04:55:47'),
(375, 'Torul', 29, 1, '2022-08-16 04:55:47', '2022-08-16 04:55:47'),
(376, 'Köse', 29, 1, '2022-08-16 04:55:47', '2022-08-16 04:55:47'),
(377, 'Yüksekova', 30, 1, '2022-08-16 04:55:47', '2022-08-16 04:55:47'),
(378, 'Merkez', 30, 1, '2022-08-16 04:55:47', '2022-08-16 04:55:47'),
(379, 'Şemdinli', 30, 1, '2022-08-16 04:55:47', '2022-08-16 04:55:47'),
(380, 'Derecik', 30, 1, '2022-08-16 04:55:47', '2022-08-16 04:55:47'),
(381, 'Çukurca', 30, 1, '2022-08-16 04:55:47', '2022-08-16 04:55:47'),
(382, 'Antakya', 31, 1, '2022-08-16 04:55:47', '2022-08-16 04:55:47'),
(383, 'İskenderun', 31, 1, '2022-08-16 04:55:47', '2022-08-16 04:55:47'),
(384, 'Defne', 31, 1, '2022-08-16 04:55:47', '2022-08-16 04:55:47'),
(385, 'Dörtyol', 31, 1, '2022-08-16 04:55:47', '2022-08-16 04:55:47'),
(386, 'Samandağ', 31, 1, '2022-08-16 04:55:47', '2022-08-16 04:55:47'),
(387, 'Kırıkhan', 31, 1, '2022-08-16 04:55:47', '2022-08-16 04:55:47'),
(388, 'Reyhanlı', 31, 1, '2022-08-16 04:55:47', '2022-08-16 04:55:47'),
(389, 'Arsuz', 31, 1, '2022-08-16 04:55:47', '2022-08-16 04:55:47'),
(390, 'Altınözü', 31, 1, '2022-08-16 04:55:47', '2022-08-16 04:55:47'),
(391, 'Hassa', 31, 1, '2022-08-16 04:55:47', '2022-08-16 04:55:47'),
(392, 'Payas', 31, 1, '2022-08-16 04:55:47', '2022-08-16 04:55:47'),
(393, 'Erzin', 31, 1, '2022-08-16 04:55:47', '2022-08-16 04:55:47'),
(394, 'Yayladağı', 31, 1, '2022-08-16 04:55:47', '2022-08-16 04:55:47'),
(395, 'Belen', 31, 1, '2022-08-16 04:55:47', '2022-08-16 04:55:47'),
(396, 'Kumlu', 31, 1, '2022-08-16 04:55:47', '2022-08-16 04:55:47'),
(397, 'Merkez', 32, 1, '2022-08-16 04:55:47', '2022-08-16 04:55:47'),
(398, 'Yalvaç', 32, 1, '2022-08-16 04:55:47', '2022-08-16 04:55:47'),
(399, 'Eğirdir', 32, 1, '2022-08-16 04:55:47', '2022-08-16 04:55:47'),
(400, 'Şarkikaraağaç', 32, 1, '2022-08-16 04:55:47', '2022-08-16 04:55:47'),
(401, 'Gelendost', 32, 1, '2022-08-16 04:55:47', '2022-08-16 04:55:47'),
(402, 'Keçiborlu', 32, 1, '2022-08-16 04:55:47', '2022-08-16 04:55:47'),
(403, 'Senirkent', 32, 1, '2022-08-16 04:55:47', '2022-08-16 04:55:47'),
(404, 'Sütçüler', 32, 1, '2022-08-16 04:55:47', '2022-08-16 04:55:47'),
(405, 'Gönen', 32, 1, '2022-08-16 04:55:47', '2022-08-16 04:55:47'),
(406, 'Uluborlu', 32, 1, '2022-08-16 04:55:47', '2022-08-16 04:55:47'),
(407, 'Atabey', 32, 1, '2022-08-16 04:55:47', '2022-08-16 04:55:47'),
(408, 'Aksu', 32, 1, '2022-08-16 04:55:47', '2022-08-16 04:55:47'),
(409, 'Yenişarbademli', 32, 1, '2022-08-16 04:55:47', '2022-08-16 04:55:47'),
(410, 'Tarsus', 33, 1, '2022-08-16 04:55:47', '2022-08-16 04:55:47'),
(411, 'Toroslar', 33, 1, '2022-08-16 04:55:47', '2022-08-16 04:55:47'),
(412, 'Akdeniz', 33, 1, '2022-08-16 04:55:47', '2022-08-16 04:55:47'),
(413, 'Yenişehir', 33, 1, '2022-08-16 04:55:47', '2022-08-16 04:55:47'),
(414, 'Mezitli', 33, 1, '2022-08-16 04:55:47', '2022-08-16 04:55:47'),
(415, 'Erdemli', 33, 1, '2022-08-16 04:55:47', '2022-08-16 04:55:47'),
(416, 'Silifke', 33, 1, '2022-08-16 04:55:47', '2022-08-16 04:55:47'),
(417, 'Anamur', 33, 1, '2022-08-16 04:55:47', '2022-08-16 04:55:47'),
(418, 'Mut', 33, 1, '2022-08-16 04:55:47', '2022-08-16 04:55:47'),
(419, 'Bozyazı', 33, 1, '2022-08-16 04:55:47', '2022-08-16 04:55:47'),
(420, 'Gülnar', 33, 1, '2022-08-16 04:55:47', '2022-08-16 04:55:47'),
(421, 'Aydıncık', 33, 1, '2022-08-16 04:55:47', '2022-08-16 04:55:47'),
(422, 'Çamlıyayla', 33, 1, '2022-08-16 04:55:47', '2022-08-16 04:55:47'),
(423, 'Esenyurt', 34, 1, '2022-08-16 04:55:47', '2022-08-16 04:55:47'),
(424, 'Küçükçekmece', 34, 1, '2022-08-16 04:55:47', '2022-08-16 04:55:47'),
(425, 'Bağcılar', 34, 1, '2022-08-16 04:55:47', '2022-08-16 04:55:47'),
(426, 'Pendik', 34, 1, '2022-08-16 04:55:47', '2022-08-16 04:55:47'),
(427, 'Ümraniye', 34, 1, '2022-08-16 04:55:47', '2022-08-16 04:55:47'),
(428, 'Bahçelievler', 34, 1, '2022-08-16 04:55:47', '2022-08-16 04:55:47'),
(429, 'Üsküdar', 34, 1, '2022-08-16 04:55:47', '2022-08-16 04:55:47'),
(430, 'Sultangazi', 34, 1, '2022-08-16 04:55:47', '2022-08-16 04:55:47'),
(431, 'Maltepe', 34, 1, '2022-08-16 04:55:47', '2022-08-16 04:55:47'),
(432, 'Gaziosmanpaşa', 34, 1, '2022-08-16 04:55:47', '2022-08-16 04:55:47'),
(433, 'Kartal', 34, 1, '2022-08-16 04:55:47', '2022-08-16 04:55:47'),
(434, 'Kadıköy', 34, 1, '2022-08-16 04:55:47', '2022-08-16 04:55:47'),
(435, 'Esenler', 34, 1, '2022-08-16 04:55:47', '2022-08-16 04:55:47'),
(436, 'Kağıthane', 34, 1, '2022-08-16 04:55:47', '2022-08-16 04:55:47'),
(437, 'Fatih', 34, 1, '2022-08-16 04:55:47', '2022-08-16 04:55:47'),
(438, 'Avcılar', 34, 1, '2022-08-16 04:55:47', '2022-08-16 04:55:47'),
(439, 'Başakşehir', 34, 1, '2022-08-16 04:55:47', '2022-08-16 04:55:47'),
(440, 'Ataşehir', 34, 1, '2022-08-16 04:55:47', '2022-08-16 04:55:47'),
(441, 'Sancaktepe', 34, 1, '2022-08-16 04:55:47', '2022-08-16 04:55:47'),
(442, 'Eyüp', 34, 1, '2022-08-16 04:55:47', '2022-08-16 04:55:47'),
(443, 'Sarıyer', 34, 1, '2022-08-16 04:55:47', '2022-08-16 04:55:47'),
(444, 'Beylikdüzü', 34, 1, '2022-08-16 04:55:47', '2022-08-16 04:55:47'),
(445, 'Sultanbeyli', 34, 1, '2022-08-16 04:55:47', '2022-08-16 04:55:47'),
(446, 'Güngören', 34, 1, '2022-08-16 04:55:47', '2022-08-16 04:55:47'),
(447, 'Zeytinburnu', 34, 1, '2022-08-16 04:55:47', '2022-08-16 04:55:47'),
(448, 'Şişli', 34, 1, '2022-08-16 04:55:47', '2022-08-16 04:55:47'),
(449, 'Bayrampaşa', 34, 1, '2022-08-16 04:55:47', '2022-08-16 04:55:47'),
(450, 'Arnavutköy', 34, 1, '2022-08-16 04:55:47', '2022-08-16 04:55:47'),
(451, 'Tuzla', 34, 1, '2022-08-16 04:55:47', '2022-08-16 04:55:47'),
(452, 'Çekmeköy', 34, 1, '2022-08-16 04:55:47', '2022-08-16 04:55:47'),
(453, 'Büyükçekmece', 34, 1, '2022-08-16 04:55:47', '2022-08-16 04:55:47'),
(454, 'Beykoz', 34, 1, '2022-08-16 04:55:47', '2022-08-16 04:55:47'),
(455, 'Beyoğlu', 34, 1, '2022-08-16 04:55:47', '2022-08-16 04:55:47'),
(456, 'Bakırköy', 34, 1, '2022-08-16 04:55:47', '2022-08-16 04:55:47'),
(457, 'Silivri', 34, 1, '2022-08-16 04:55:47', '2022-08-16 04:55:47'),
(458, 'Beşiktaş', 34, 1, '2022-08-16 04:55:47', '2022-08-16 04:55:47'),
(459, 'Çatalca', 34, 1, '2022-08-16 04:55:47', '2022-08-16 04:55:47'),
(460, 'Şile', 34, 1, '2022-08-16 04:55:47', '2022-08-16 04:55:47'),
(461, 'Adalar', 34, 1, '2022-08-16 04:55:47', '2022-08-16 04:55:47'),
(462, 'Buca', 35, 1, '2022-08-16 04:55:47', '2022-08-16 04:55:47'),
(463, 'Karabağlar', 35, 1, '2022-08-16 04:55:47', '2022-08-16 04:55:47'),
(464, 'Bornova', 35, 1, '2022-08-16 04:55:47', '2022-08-16 04:55:47'),
(465, 'Konak', 35, 1, '2022-08-16 04:55:47', '2022-08-16 04:55:47'),
(466, 'Karşıyaka', 35, 1, '2022-08-16 04:55:47', '2022-08-16 04:55:47'),
(467, 'Bayraklı', 35, 1, '2022-08-16 04:55:47', '2022-08-16 04:55:47'),
(468, 'Çiğli', 35, 1, '2022-08-16 04:55:47', '2022-08-16 04:55:47'),
(469, 'Torbalı', 35, 1, '2022-08-16 04:55:47', '2022-08-16 04:55:47'),
(470, 'Menemen', 35, 1, '2022-08-16 04:55:47', '2022-08-16 04:55:47'),
(471, 'Gaziemir', 35, 1, '2022-08-16 04:55:47', '2022-08-16 04:55:47'),
(472, 'Ödemiş', 35, 1, '2022-08-16 04:55:47', '2022-08-16 04:55:47'),
(473, 'Kemalpaşa', 35, 1, '2022-08-16 04:55:47', '2022-08-16 04:55:47'),
(474, 'Bergama', 35, 1, '2022-08-16 04:55:47', '2022-08-16 04:55:47'),
(475, 'Aliağa', 35, 1, '2022-08-16 04:55:47', '2022-08-16 04:55:47'),
(476, 'Menderes', 35, 1, '2022-08-16 04:55:47', '2022-08-16 04:55:47'),
(477, 'Tire', 35, 1, '2022-08-16 04:55:47', '2022-08-16 04:55:47'),
(478, 'Balçova', 35, 1, '2022-08-16 04:55:47', '2022-08-16 04:55:47'),
(479, 'Urla', 35, 1, '2022-08-16 04:55:47', '2022-08-16 04:55:47'),
(480, 'Narlıdere', 35, 1, '2022-08-16 04:55:47', '2022-08-16 04:55:47'),
(481, 'Dikili', 35, 1, '2022-08-16 04:55:47', '2022-08-16 04:55:47'),
(482, 'Kiraz', 35, 1, '2022-08-16 04:55:47', '2022-08-16 04:55:47'),
(483, 'Seferihisar', 35, 1, '2022-08-16 04:55:47', '2022-08-16 04:55:47'),
(484, 'Çeşme', 35, 1, '2022-08-16 04:55:47', '2022-08-16 04:55:47'),
(485, 'Bayındır', 35, 1, '2022-08-16 04:55:47', '2022-08-16 04:55:47'),
(486, 'Selçuk', 35, 1, '2022-08-16 04:55:47', '2022-08-16 04:55:47'),
(487, 'Foça', 35, 1, '2022-08-16 04:55:47', '2022-08-16 04:55:47'),
(488, 'Güzelbahçe', 35, 1, '2022-08-16 04:55:47', '2022-08-16 04:55:47'),
(489, 'Kınık', 35, 1, '2022-08-16 04:55:47', '2022-08-16 04:55:47'),
(490, 'Beydağ', 35, 1, '2022-08-16 04:55:47', '2022-08-16 04:55:47'),
(491, 'Karaburun', 35, 1, '2022-08-16 04:55:47', '2022-08-16 04:55:47'),
(492, 'Merkez', 36, 1, '2022-08-16 04:55:47', '2022-08-16 04:55:47'),
(493, 'Kağızman', 36, 1, '2022-08-16 04:55:47', '2022-08-16 04:55:47'),
(494, 'Sarıkamış', 36, 1, '2022-08-16 04:55:47', '2022-08-16 04:55:47'),
(495, 'Selim', 36, 1, '2022-08-16 04:55:47', '2022-08-16 04:55:47'),
(496, 'Digor', 36, 1, '2022-08-16 04:55:47', '2022-08-16 04:55:47'),
(497, 'Arpaçay', 36, 1, '2022-08-16 04:55:47', '2022-08-16 04:55:47'),
(498, 'Akyaka', 36, 1, '2022-08-16 04:55:47', '2022-08-16 04:55:47'),
(499, 'Susuz', 36, 1, '2022-08-16 04:55:47', '2022-08-16 04:55:47'),
(500, 'Merkez', 37, 1, '2022-08-16 04:55:47', '2022-08-16 04:55:47'),
(501, 'Tosya', 37, 1, '2022-08-16 04:55:47', '2022-08-16 04:55:47'),
(502, 'Taşköprü', 37, 1, '2022-08-16 04:55:47', '2022-08-16 04:55:47'),
(503, 'Cide', 37, 1, '2022-08-16 04:55:47', '2022-08-16 04:55:47'),
(504, 'İnebolu', 37, 1, '2022-08-16 04:55:47', '2022-08-16 04:55:47'),
(505, 'Araç', 37, 1, '2022-08-16 04:55:47', '2022-08-16 04:55:47'),
(506, 'Bozkurt', 37, 1, '2022-08-16 04:55:47', '2022-08-16 04:55:47'),
(507, 'Daday', 37, 1, '2022-08-16 04:55:47', '2022-08-16 04:55:47'),
(508, 'Azdavay', 37, 1, '2022-08-16 04:55:47', '2022-08-16 04:55:47'),
(509, 'Çatalzeytin', 37, 1, '2022-08-16 04:55:47', '2022-08-16 04:55:47'),
(510, 'Doğanyurt', 37, 1, '2022-08-16 04:55:47', '2022-08-16 04:55:47'),
(511, 'Küre', 37, 1, '2022-08-16 04:55:47', '2022-08-16 04:55:47'),
(512, 'Pınarbaşı', 37, 1, '2022-08-16 04:55:47', '2022-08-16 04:55:47'),
(513, 'İhsangazi', 37, 1, '2022-08-16 04:55:47', '2022-08-16 04:55:47'),
(514, 'Şenpazar', 37, 1, '2022-08-16 04:55:47', '2022-08-16 04:55:47'),
(515, 'Abana', 37, 1, '2022-08-16 04:55:47', '2022-08-16 04:55:47'),
(516, 'Hanönü', 37, 1, '2022-08-16 04:55:47', '2022-08-16 04:55:47'),
(517, 'Seydiler', 37, 1, '2022-08-16 04:55:47', '2022-08-16 04:55:47'),
(518, 'Ağlı', 37, 1, '2022-08-16 04:55:47', '2022-08-16 04:55:47'),
(519, 'Melikgazi', 38, 1, '2022-08-16 04:55:47', '2022-08-16 04:55:47'),
(520, 'Kocasinan', 38, 1, '2022-08-16 04:55:47', '2022-08-16 04:55:47'),
(521, 'Talas', 38, 1, '2022-08-16 04:55:47', '2022-08-16 04:55:47'),
(522, 'Develi', 38, 1, '2022-08-16 04:55:47', '2022-08-16 04:55:47'),
(523, 'Yahyalı', 38, 1, '2022-08-16 04:55:47', '2022-08-16 04:55:47'),
(524, 'Bünyan', 38, 1, '2022-08-16 04:55:47', '2022-08-16 04:55:47'),
(525, 'Pınarbaşı', 38, 1, '2022-08-16 04:55:47', '2022-08-16 04:55:47'),
(526, 'Tomarza', 38, 1, '2022-08-16 04:55:47', '2022-08-16 04:55:47'),
(527, 'Yeşilhisar', 38, 1, '2022-08-16 04:55:47', '2022-08-16 04:55:47'),
(528, 'Sarıoğlan', 38, 1, '2022-08-16 04:55:47', '2022-08-16 04:55:47'),
(529, 'Hacılar', 38, 1, '2022-08-16 04:55:47', '2022-08-16 04:55:47'),
(530, 'Sarız', 38, 1, '2022-08-16 04:55:47', '2022-08-16 04:55:47'),
(531, 'Felahiye', 38, 1, '2022-08-16 04:55:47', '2022-08-16 04:55:47'),
(532, 'Akkışla', 38, 1, '2022-08-16 04:55:47', '2022-08-16 04:55:47'),
(533, 'Özvatan', 38, 1, '2022-08-16 04:55:47', '2022-08-16 04:55:47'),
(534, 'Lüleburgaz', 39, 1, '2022-08-16 04:55:47', '2022-08-16 04:55:47'),
(535, 'Merkez', 39, 1, '2022-08-16 04:55:47', '2022-08-16 04:55:47'),
(536, 'Babaeski', 39, 1, '2022-08-16 04:55:47', '2022-08-16 04:55:47'),
(537, 'Vize', 39, 1, '2022-08-16 04:55:47', '2022-08-16 04:55:47'),
(538, 'Pınarhisar', 39, 1, '2022-08-16 04:55:47', '2022-08-16 04:55:47'),
(539, 'Demirköy', 39, 1, '2022-08-16 04:55:47', '2022-08-16 04:55:47'),
(540, 'Pehlivanköy', 39, 1, '2022-08-16 04:55:47', '2022-08-16 04:55:47'),
(541, 'Kofçaz', 39, 1, '2022-08-16 04:55:47', '2022-08-16 04:55:47'),
(542, 'Merkez', 40, 1, '2022-08-16 04:55:47', '2022-08-16 04:55:47'),
(543, 'Kaman', 40, 1, '2022-08-16 04:55:47', '2022-08-16 04:55:47'),
(544, 'Mucur', 40, 1, '2022-08-16 04:55:47', '2022-08-16 04:55:47'),
(545, 'Çiçekdağı', 40, 1, '2022-08-16 04:55:47', '2022-08-16 04:55:47'),
(546, 'Akpınar', 40, 1, '2022-08-16 04:55:47', '2022-08-16 04:55:47'),
(547, 'Boztepe', 40, 1, '2022-08-16 04:55:47', '2022-08-16 04:55:47'),
(548, 'Akçakent', 40, 1, '2022-08-16 04:55:47', '2022-08-16 04:55:47'),
(549, 'Gebze', 41, 1, '2022-08-16 04:55:47', '2022-08-16 04:55:47'),
(550, 'İzmit', 41, 1, '2022-08-16 04:55:47', '2022-08-16 04:55:47'),
(551, 'Darıca', 41, 1, '2022-08-16 04:55:47', '2022-08-16 04:55:47'),
(552, 'Körfez', 41, 1, '2022-08-16 04:55:47', '2022-08-16 04:55:47'),
(553, 'Gölcük', 41, 1, '2022-08-16 04:55:47', '2022-08-16 04:55:47'),
(554, 'Derince', 41, 1, '2022-08-16 04:55:47', '2022-08-16 04:55:47'),
(555, 'Çayırova', 41, 1, '2022-08-16 04:55:47', '2022-08-16 04:55:47'),
(556, 'Kartepe', 41, 1, '2022-08-16 04:55:47', '2022-08-16 04:55:47'),
(557, 'Başiskele', 41, 1, '2022-08-16 04:55:47', '2022-08-16 04:55:47'),
(558, 'Karamürsel', 41, 1, '2022-08-16 04:55:47', '2022-08-16 04:55:47'),
(559, 'Kandıra', 41, 1, '2022-08-16 04:55:47', '2022-08-16 04:55:47'),
(560, 'Dilovası', 41, 1, '2022-08-16 04:55:47', '2022-08-16 04:55:47'),
(561, 'Selçuklu', 42, 1, '2022-08-16 04:55:47', '2022-08-16 04:55:47'),
(562, 'Meram', 42, 1, '2022-08-16 04:55:47', '2022-08-16 04:55:47'),
(563, 'Karatay', 42, 1, '2022-08-16 04:55:47', '2022-08-16 04:55:47'),
(564, 'Ereğli', 42, 1, '2022-08-16 04:55:47', '2022-08-16 04:55:47'),
(565, 'Akşehir', 42, 1, '2022-08-16 04:55:47', '2022-08-16 04:55:47'),
(566, 'Beyşehir', 42, 1, '2022-08-16 04:55:47', '2022-08-16 04:55:47'),
(567, 'Çumra', 42, 1, '2022-08-16 04:55:47', '2022-08-16 04:55:47'),
(568, 'Seydişehir', 42, 1, '2022-08-16 04:55:47', '2022-08-16 04:55:47'),
(569, 'Ilgın', 42, 1, '2022-08-16 04:55:47', '2022-08-16 04:55:47'),
(570, 'Cihanbeyli', 42, 1, '2022-08-16 04:55:47', '2022-08-16 04:55:47'),
(571, 'Kulu', 42, 1, '2022-08-16 04:55:47', '2022-08-16 04:55:47'),
(572, 'Karapınar', 42, 1, '2022-08-16 04:55:47', '2022-08-16 04:55:47'),
(573, 'Kadınhanı', 42, 1, '2022-08-16 04:55:47', '2022-08-16 04:55:47'),
(574, 'Sarayönü', 42, 1, '2022-08-16 04:55:47', '2022-08-16 04:55:47'),
(575, 'Bozkır', 42, 1, '2022-08-16 04:55:47', '2022-08-16 04:55:47'),
(576, 'Yunak', 42, 1, '2022-08-16 04:55:47', '2022-08-16 04:55:47'),
(577, 'Hüyük', 42, 1, '2022-08-16 04:55:47', '2022-08-16 04:55:47'),
(578, 'Doğanhisar', 42, 1, '2022-08-16 04:55:47', '2022-08-16 04:55:47'),
(579, 'Altınekin', 42, 1, '2022-08-16 04:55:47', '2022-08-16 04:55:47'),
(580, 'Hadim', 42, 1, '2022-08-16 04:55:47', '2022-08-16 04:55:47'),
(581, 'Çeltik', 42, 1, '2022-08-16 04:55:47', '2022-08-16 04:55:47'),
(582, 'Güneysınır', 42, 1, '2022-08-16 04:55:47', '2022-08-16 04:55:47'),
(583, 'Emirgazi', 42, 1, '2022-08-16 04:55:47', '2022-08-16 04:55:47'),
(584, 'Taşkent', 42, 1, '2022-08-16 04:55:47', '2022-08-16 04:55:47'),
(585, 'Tuzlukçu', 42, 1, '2022-08-16 04:55:47', '2022-08-16 04:55:47'),
(586, 'Derebucak', 42, 1, '2022-08-16 04:55:47', '2022-08-16 04:55:47'),
(587, 'Akören', 42, 1, '2022-08-16 04:55:47', '2022-08-16 04:55:47'),
(588, 'Ahırlı', 42, 1, '2022-08-16 04:55:47', '2022-08-16 04:55:47'),
(589, 'Derbent', 42, 1, '2022-08-16 04:55:47', '2022-08-16 04:55:47'),
(590, 'Halkapınar', 42, 1, '2022-08-16 04:55:47', '2022-08-16 04:55:47'),
(591, 'Yalıhüyük', 42, 1, '2022-08-16 04:55:47', '2022-08-16 04:55:47'),
(592, 'Merkez', 43, 1, '2022-08-16 04:55:47', '2022-08-16 04:55:47'),
(593, 'Tavşanlı', 43, 1, '2022-08-16 04:55:47', '2022-08-16 04:55:47'),
(594, 'Simav', 43, 1, '2022-08-16 04:55:47', '2022-08-16 04:55:47'),
(595, 'Gediz', 43, 1, '2022-08-16 04:55:47', '2022-08-16 04:55:47'),
(596, 'Emet', 43, 1, '2022-08-16 04:55:47', '2022-08-16 04:55:47'),
(597, 'Altıntaş', 43, 1, '2022-08-16 04:55:47', '2022-08-16 04:55:47'),
(598, 'Domaniç', 43, 1, '2022-08-16 04:55:47', '2022-08-16 04:55:47'),
(599, 'Hisarcık', 43, 1, '2022-08-16 04:55:47', '2022-08-16 04:55:47'),
(600, 'Aslanapa', 43, 1, '2022-08-16 04:55:47', '2022-08-16 04:55:47'),
(601, 'Çavdarhisar', 43, 1, '2022-08-16 04:55:47', '2022-08-16 04:55:47'),
(602, 'Şaphane', 43, 1, '2022-08-16 04:55:47', '2022-08-16 04:55:47'),
(603, 'Pazarlar', 43, 1, '2022-08-16 04:55:47', '2022-08-16 04:55:47'),
(604, 'Dumlupınar', 43, 1, '2022-08-16 04:55:47', '2022-08-16 04:55:47'),
(605, 'Yeşilyurt', 44, 1, '2022-08-16 04:55:47', '2022-08-16 04:55:47'),
(606, 'Battalgazi', 44, 1, '2022-08-16 04:55:47', '2022-08-16 04:55:47'),
(607, 'Doğanşehir', 44, 1, '2022-08-16 04:55:47', '2022-08-16 04:55:47'),
(608, 'Akçadağ', 44, 1, '2022-08-16 04:55:47', '2022-08-16 04:55:47'),
(609, 'Darende', 44, 1, '2022-08-16 04:55:47', '2022-08-16 04:55:47'),
(610, 'Hekimhan', 44, 1, '2022-08-16 04:55:47', '2022-08-16 04:55:47'),
(611, 'Yazıhan', 44, 1, '2022-08-16 04:55:47', '2022-08-16 04:55:47'),
(612, 'Pütürge', 44, 1, '2022-08-16 04:55:47', '2022-08-16 04:55:47'),
(613, 'Arapgir', 44, 1, '2022-08-16 04:55:47', '2022-08-16 04:55:47'),
(614, 'Kuluncak', 44, 1, '2022-08-16 04:55:47', '2022-08-16 04:55:47'),
(615, 'Arguvan', 44, 1, '2022-08-16 04:55:47', '2022-08-16 04:55:47'),
(616, 'Kale', 44, 1, '2022-08-16 04:55:47', '2022-08-16 04:55:47'),
(617, 'Doğanyol', 44, 1, '2022-08-16 04:55:47', '2022-08-16 04:55:47'),
(618, 'Yunusemre', 45, 1, '2022-08-16 04:55:47', '2022-08-16 04:55:47'),
(619, 'Akhisar', 45, 1, '2022-08-16 04:55:47', '2022-08-16 04:55:47'),
(620, 'Şehzadeler', 45, 1, '2022-08-16 04:55:47', '2022-08-16 04:55:47'),
(621, 'Turgutlu', 45, 1, '2022-08-16 04:55:47', '2022-08-16 04:55:47'),
(622, 'Salihli', 45, 1, '2022-08-16 04:55:47', '2022-08-16 04:55:47'),
(623, 'Soma', 45, 1, '2022-08-16 04:55:47', '2022-08-16 04:55:47'),
(624, 'Alaşehir', 45, 1, '2022-08-16 04:55:47', '2022-08-16 04:55:47'),
(625, 'Saruhanlı', 45, 1, '2022-08-16 04:55:47', '2022-08-16 04:55:47'),
(626, 'Kula', 45, 1, '2022-08-16 04:55:47', '2022-08-16 04:55:47'),
(627, 'Demirci', 45, 1, '2022-08-16 04:55:47', '2022-08-16 04:55:47'),
(628, 'Kırıkağaç', 45, 1, '2022-08-16 04:55:47', '2022-08-16 04:55:47'),
(629, 'Sarıgöl', 45, 1, '2022-08-16 04:55:47', '2022-08-16 04:55:47'),
(630, 'Gördes', 45, 1, '2022-08-16 04:55:47', '2022-08-16 04:55:47'),
(631, 'Selendi', 45, 1, '2022-08-16 04:55:47', '2022-08-16 04:55:47'),
(632, 'Ahmetli', 45, 1, '2022-08-16 04:55:47', '2022-08-16 04:55:47'),
(633, 'Gölmarmara', 45, 1, '2022-08-16 04:55:47', '2022-08-16 04:55:47'),
(634, 'Köprübaşı', 45, 1, '2022-08-16 04:55:47', '2022-08-16 04:55:47'),
(635, 'Onikişubat', 46, 1, '2022-08-16 04:55:47', '2022-08-16 04:55:47'),
(636, 'Dulkadiroğlu', 46, 1, '2022-08-16 04:55:47', '2022-08-16 04:55:47'),
(637, 'Elbistan', 46, 1, '2022-08-16 04:55:47', '2022-08-16 04:55:47'),
(638, 'Afşin', 46, 1, '2022-08-16 04:55:47', '2022-08-16 04:55:47'),
(639, 'Türkoğlu', 46, 1, '2022-08-16 04:55:47', '2022-08-16 04:55:47'),
(640, 'Pazarcık', 46, 1, '2022-08-16 04:55:47', '2022-08-16 04:55:47'),
(641, 'Göksun', 46, 1, '2022-08-16 04:55:47', '2022-08-16 04:55:47'),
(642, 'Andırın', 46, 1, '2022-08-16 04:55:47', '2022-08-16 04:55:47'),
(643, 'Çağlayancerit', 46, 1, '2022-08-16 04:55:47', '2022-08-16 04:55:47'),
(644, 'Nurhak', 46, 1, '2022-08-16 04:55:47', '2022-08-16 04:55:47'),
(645, 'Ekinözü', 46, 1, '2022-08-16 04:55:47', '2022-08-16 04:55:47'),
(646, 'Kızıltepe', 47, 1, '2022-08-16 04:55:47', '2022-08-16 04:55:47'),
(647, 'Artuklu', 47, 1, '2022-08-16 04:55:47', '2022-08-16 04:55:47'),
(648, 'Midyat', 47, 1, '2022-08-16 04:55:47', '2022-08-16 04:55:47'),
(649, 'Nusaybin', 47, 1, '2022-08-16 04:55:47', '2022-08-16 04:55:47'),
(650, 'Derik', 47, 1, '2022-08-16 04:55:47', '2022-08-16 04:55:47'),
(651, 'Mazıdağı', 47, 1, '2022-08-16 04:55:47', '2022-08-16 04:55:47'),
(652, 'Dargeçit', 47, 1, '2022-08-16 04:55:47', '2022-08-16 04:55:47'),
(653, 'Savur', 47, 1, '2022-08-16 04:55:47', '2022-08-16 04:55:47'),
(654, 'Yeşilli', 47, 1, '2022-08-16 04:55:47', '2022-08-16 04:55:47'),
(655, 'Ömerli', 47, 1, '2022-08-16 04:55:47', '2022-08-16 04:55:47'),
(656, 'Bodrum', 48, 1, '2022-08-16 04:55:47', '2022-08-16 04:55:47'),
(657, 'Fethiye', 48, 1, '2022-08-16 04:55:47', '2022-08-16 04:55:47'),
(658, 'Milas', 48, 1, '2022-08-16 04:55:47', '2022-08-16 04:55:47'),
(659, 'Menteşe', 48, 1, '2022-08-16 04:55:47', '2022-08-16 04:55:47'),
(660, 'Marmaris', 48, 1, '2022-08-16 04:55:47', '2022-08-16 04:55:47'),
(661, 'Seydikemer', 48, 1, '2022-08-16 04:55:47', '2022-08-16 04:55:47'),
(662, 'Ortaca', 48, 1, '2022-08-16 04:55:47', '2022-08-16 04:55:47'),
(663, 'Yatağan', 48, 1, '2022-08-16 04:55:47', '2022-08-16 04:55:47'),
(664, 'Dalaman', 48, 1, '2022-08-16 04:55:47', '2022-08-16 04:55:47'),
(665, 'Köyceğiz', 48, 1, '2022-08-16 04:55:47', '2022-08-16 04:55:47'),
(666, 'Ula', 48, 1, '2022-08-16 04:55:47', '2022-08-16 04:55:47'),
(667, 'Datça', 48, 1, '2022-08-16 04:55:47', '2022-08-16 04:55:47'),
(668, 'Kavaklıdere', 48, 1, '2022-08-16 04:55:47', '2022-08-16 04:55:47'),
(669, 'Merkez', 49, 1, '2022-08-16 04:55:47', '2022-08-16 04:55:47'),
(670, 'Bulanık', 49, 1, '2022-08-16 04:55:47', '2022-08-16 04:55:47'),
(671, 'Malazgirt', 49, 1, '2022-08-16 04:55:47', '2022-08-16 04:55:47'),
(672, 'Varto', 49, 1, '2022-08-16 04:55:47', '2022-08-16 04:55:47'),
(673, 'Korkut', 49, 1, '2022-08-16 04:55:47', '2022-08-16 04:55:47'),
(674, 'Hasköy', 49, 1, '2022-08-16 04:55:47', '2022-08-16 04:55:47'),
(675, 'Merkez', 50, 1, '2022-08-16 04:55:47', '2022-08-16 04:55:47'),
(676, 'Ürgüp', 50, 1, '2022-08-16 04:55:47', '2022-08-16 04:55:47'),
(677, 'Avanos', 50, 1, '2022-08-16 04:55:47', '2022-08-16 04:55:47'),
(678, 'Gülşehir', 50, 1, '2022-08-16 04:55:47', '2022-08-16 04:55:47'),
(679, 'Derinkuyu', 50, 1, '2022-08-16 04:55:47', '2022-08-16 04:55:47'),
(680, 'Acıgöl', 50, 1, '2022-08-16 04:55:47', '2022-08-16 04:55:47'),
(681, 'Kozaklı', 50, 1, '2022-08-16 04:55:47', '2022-08-16 04:55:47'),
(682, 'Hacıbektaş', 50, 1, '2022-08-16 04:55:47', '2022-08-16 04:55:47'),
(683, 'Merkez', 51, 1, '2022-08-16 04:55:47', '2022-08-16 04:55:47'),
(684, 'Bor', 51, 1, '2022-08-16 04:55:47', '2022-08-16 04:55:47'),
(685, 'Çiftlik', 51, 1, '2022-08-16 04:55:47', '2022-08-16 04:55:47'),
(686, 'Ulukışla', 51, 1, '2022-08-16 04:55:47', '2022-08-16 04:55:47'),
(687, 'Altunhisar', 51, 1, '2022-08-16 04:55:47', '2022-08-16 04:55:47'),
(688, 'Çamardı', 51, 1, '2022-08-16 04:55:47', '2022-08-16 04:55:47'),
(689, 'Altınordu', 52, 1, '2022-08-16 04:55:47', '2022-08-16 04:55:47'),
(690, 'Ünye', 52, 1, '2022-08-16 04:55:47', '2022-08-16 04:55:47'),
(691, 'Fatsa', 52, 1, '2022-08-16 04:55:47', '2022-08-16 04:55:47'),
(692, 'Perşembe', 52, 1, '2022-08-16 04:55:47', '2022-08-16 04:55:47'),
(693, 'Kumru', 52, 1, '2022-08-16 04:55:47', '2022-08-16 04:55:47'),
(694, 'Korgan', 52, 1, '2022-08-16 04:55:47', '2022-08-16 04:55:47'),
(695, 'Gölköy', 52, 1, '2022-08-16 04:55:47', '2022-08-16 04:55:47'),
(696, 'Ulubey', 52, 1, '2022-08-16 04:55:47', '2022-08-16 04:55:47'),
(697, 'Mesudiye', 52, 1, '2022-08-16 04:55:47', '2022-08-16 04:55:47'),
(698, 'Akkuş', 52, 1, '2022-08-16 04:55:47', '2022-08-16 04:55:47'),
(699, 'Aybastı', 52, 1, '2022-08-16 04:55:47', '2022-08-16 04:55:47'),
(700, 'Gürgentepe', 52, 1, '2022-08-16 04:55:47', '2022-08-16 04:55:47'),
(701, 'İkizce', 52, 1, '2022-08-16 04:55:47', '2022-08-16 04:55:47'),
(702, 'Çatalpınar', 52, 1, '2022-08-16 04:55:47', '2022-08-16 04:55:47'),
(703, 'Çaybaşı', 52, 1, '2022-08-16 04:55:47', '2022-08-16 04:55:47'),
(704, 'Çamaş', 52, 1, '2022-08-16 04:55:47', '2022-08-16 04:55:47'),
(705, 'Kabataş', 52, 1, '2022-08-16 04:55:47', '2022-08-16 04:55:47'),
(706, 'Kabadüz', 52, 1, '2022-08-16 04:55:47', '2022-08-16 04:55:47'),
(707, 'Gülyalı', 52, 1, '2022-08-16 04:55:47', '2022-08-16 04:55:47'),
(708, 'Merkez', 53, 1, '2022-08-16 04:55:47', '2022-08-16 04:55:47'),
(709, 'Çayeli', 53, 1, '2022-08-16 04:55:47', '2022-08-16 04:55:47'),
(710, 'Ardeşen', 53, 1, '2022-08-16 04:55:47', '2022-08-16 04:55:47'),
(711, 'Pazar', 53, 1, '2022-08-16 04:55:47', '2022-08-16 04:55:47'),
(712, 'Fındıklı', 53, 1, '2022-08-16 04:55:47', '2022-08-16 04:55:47'),
(713, 'Kalkandere', 53, 1, '2022-08-16 04:55:47', '2022-08-16 04:55:47'),
(714, 'Güneysu', 53, 1, '2022-08-16 04:55:47', '2022-08-16 04:55:47'),
(715, 'İyidere', 53, 1, '2022-08-16 04:55:47', '2022-08-16 04:55:47'),
(716, 'İkizdere', 53, 1, '2022-08-16 04:55:47', '2022-08-16 04:55:47'),
(717, 'Derepazarı', 53, 1, '2022-08-16 04:55:47', '2022-08-16 04:55:47'),
(718, 'Çamlıhemşin', 53, 1, '2022-08-16 04:55:47', '2022-08-16 04:55:47'),
(719, 'Hemşin', 53, 1, '2022-08-16 04:55:47', '2022-08-16 04:55:47'),
(720, 'Adapazarı', 54, 1, '2022-08-16 04:55:47', '2022-08-16 04:55:47'),
(721, 'Serdivan', 54, 1, '2022-08-16 04:55:47', '2022-08-16 04:55:47'),
(722, 'Akyazı', 54, 1, '2022-08-16 04:55:47', '2022-08-16 04:55:47'),
(723, 'Erenler', 54, 1, '2022-08-16 04:55:47', '2022-08-16 04:55:47'),
(724, 'Hendek', 54, 1, '2022-08-16 04:55:47', '2022-08-16 04:55:47'),
(725, 'Karasu', 54, 1, '2022-08-16 04:55:47', '2022-08-16 04:55:47');
INSERT INTO `towns` (`town_id`, `name`, `city_id`, `status`, `created_at`, `updated_at`) VALUES
(726, 'Geyve', 54, 1, '2022-08-16 04:55:47', '2022-08-16 04:55:47'),
(727, 'Arifiye', 54, 1, '2022-08-16 04:55:47', '2022-08-16 04:55:47'),
(728, 'Sapanca', 54, 1, '2022-08-16 04:55:47', '2022-08-16 04:55:47'),
(729, 'Pamukova', 54, 1, '2022-08-16 04:55:47', '2022-08-16 04:55:47'),
(730, 'Ferizli', 54, 1, '2022-08-16 04:55:47', '2022-08-16 04:55:47'),
(731, 'Kocaali', 54, 1, '2022-08-16 04:55:47', '2022-08-16 04:55:47'),
(732, 'Kaynarca', 54, 1, '2022-08-16 04:55:47', '2022-08-16 04:55:47'),
(733, 'Söğütlü', 54, 1, '2022-08-16 04:55:47', '2022-08-16 04:55:47'),
(734, 'Karapürçek', 54, 1, '2022-08-16 04:55:47', '2022-08-16 04:55:47'),
(735, 'Taraklı', 54, 1, '2022-08-16 04:55:47', '2022-08-16 04:55:47'),
(736, 'İlkadım', 55, 1, '2022-08-16 04:55:47', '2022-08-16 04:55:47'),
(737, 'Atakum', 55, 1, '2022-08-16 04:55:47', '2022-08-16 04:55:47'),
(738, 'Bafra', 55, 1, '2022-08-16 04:55:47', '2022-08-16 04:55:47'),
(739, 'Çarşamba', 55, 1, '2022-08-16 04:55:47', '2022-08-16 04:55:47'),
(740, 'Canik', 55, 1, '2022-08-16 04:55:47', '2022-08-16 04:55:47'),
(741, 'Vezirköprü', 55, 1, '2022-08-16 04:55:47', '2022-08-16 04:55:47'),
(742, 'Terme', 55, 1, '2022-08-16 04:55:47', '2022-08-16 04:55:47'),
(743, 'Tekkeköy', 55, 1, '2022-08-16 04:55:47', '2022-08-16 04:55:47'),
(744, 'Havza', 55, 1, '2022-08-16 04:55:47', '2022-08-16 04:55:47'),
(745, '19 Mayıs', 55, 1, '2022-08-16 04:55:47', '2022-08-16 04:55:47'),
(746, 'Alaçam', 55, 1, '2022-08-16 04:55:47', '2022-08-16 04:55:47'),
(747, 'Salıpazarı', 55, 1, '2022-08-16 04:55:47', '2022-08-16 04:55:47'),
(748, 'Ayvacık', 55, 1, '2022-08-16 04:55:47', '2022-08-16 04:55:47'),
(749, 'Kavak', 55, 1, '2022-08-16 04:55:47', '2022-08-16 04:55:47'),
(750, 'Asarcık', 55, 1, '2022-08-16 04:55:47', '2022-08-16 04:55:47'),
(751, 'Ladik', 55, 1, '2022-08-16 04:55:47', '2022-08-16 04:55:47'),
(752, 'Yakakent', 55, 1, '2022-08-16 04:55:47', '2022-08-16 04:55:47'),
(753, 'Merkez', 56, 1, '2022-08-16 04:55:47', '2022-08-16 04:55:47'),
(754, 'Kurtalan', 56, 1, '2022-08-16 04:55:47', '2022-08-16 04:55:47'),
(755, 'Pervari', 56, 1, '2022-08-16 04:55:47', '2022-08-16 04:55:47'),
(756, 'Baykan', 56, 1, '2022-08-16 04:55:47', '2022-08-16 04:55:47'),
(757, 'Şirvan', 56, 1, '2022-08-16 04:55:47', '2022-08-16 04:55:47'),
(758, 'Eruh', 56, 1, '2022-08-16 04:55:47', '2022-08-16 04:55:47'),
(759, 'Tillo', 56, 1, '2022-08-16 04:55:47', '2022-08-16 04:55:47'),
(760, 'Merkez', 57, 1, '2022-08-16 04:55:47', '2022-08-16 04:55:47'),
(761, 'Boyabat', 57, 1, '2022-08-16 04:55:47', '2022-08-16 04:55:47'),
(762, 'Gerze', 57, 1, '2022-08-16 04:55:47', '2022-08-16 04:55:47'),
(763, 'Ayancık', 57, 1, '2022-08-16 04:55:47', '2022-08-16 04:55:47'),
(764, 'Durağan', 57, 1, '2022-08-16 04:55:47', '2022-08-16 04:55:47'),
(765, 'Türkeli', 57, 1, '2022-08-16 04:55:47', '2022-08-16 04:55:47'),
(766, 'Erfelek', 57, 1, '2022-08-16 04:55:47', '2022-08-16 04:55:47'),
(767, 'Saraydüzü', 57, 1, '2022-08-16 04:55:47', '2022-08-16 04:55:47'),
(768, 'Dikmen', 57, 1, '2022-08-16 04:55:47', '2022-08-16 04:55:47'),
(769, 'Merkez', 58, 1, '2022-08-16 04:55:47', '2022-08-16 04:55:47'),
(770, 'Şarkışla', 58, 1, '2022-08-16 04:55:47', '2022-08-16 04:55:47'),
(771, 'Yıldızeli', 58, 1, '2022-08-16 04:55:47', '2022-08-16 04:55:47'),
(772, 'Suşehri', 58, 1, '2022-08-16 04:55:47', '2022-08-16 04:55:47'),
(773, 'Gemerek', 58, 1, '2022-08-16 04:55:47', '2022-08-16 04:55:47'),
(774, 'Zara', 58, 1, '2022-08-16 04:55:47', '2022-08-16 04:55:47'),
(775, 'Kangal', 58, 1, '2022-08-16 04:55:47', '2022-08-16 04:55:47'),
(776, 'Gürün', 58, 1, '2022-08-16 04:55:47', '2022-08-16 04:55:47'),
(777, 'Divriği', 58, 1, '2022-08-16 04:55:47', '2022-08-16 04:55:47'),
(778, 'Koyulhisar', 58, 1, '2022-08-16 04:55:47', '2022-08-16 04:55:47'),
(779, 'Hafik', 58, 1, '2022-08-16 04:55:47', '2022-08-16 04:55:47'),
(780, 'Ulaş', 58, 1, '2022-08-16 04:55:47', '2022-08-16 04:55:47'),
(781, 'Altınyayla', 58, 1, '2022-08-16 04:55:47', '2022-08-16 04:55:47'),
(782, 'İmranlı', 58, 1, '2022-08-16 04:55:47', '2022-08-16 04:55:47'),
(783, 'Akıncılar', 58, 1, '2022-08-16 04:55:47', '2022-08-16 04:55:47'),
(784, 'Gölova', 58, 1, '2022-08-16 04:55:47', '2022-08-16 04:55:47'),
(785, 'Doğanşar', 58, 1, '2022-08-16 04:55:47', '2022-08-16 04:55:47'),
(786, 'Çorlu', 59, 1, '2022-08-16 04:55:47', '2022-08-16 04:55:47'),
(787, 'Süleymanpaşa', 59, 1, '2022-08-16 04:55:47', '2022-08-16 04:55:47'),
(788, 'Çerkezköy', 59, 1, '2022-08-16 04:55:47', '2022-08-16 04:55:47'),
(789, 'Kapaklı', 59, 1, '2022-08-16 04:55:47', '2022-08-16 04:55:47'),
(790, 'Ergene', 59, 1, '2022-08-16 04:55:47', '2022-08-16 04:55:47'),
(791, 'Malkara', 59, 1, '2022-08-16 04:55:47', '2022-08-16 04:55:47'),
(792, 'Saray', 59, 1, '2022-08-16 04:55:47', '2022-08-16 04:55:47'),
(793, 'Şarköy', 59, 1, '2022-08-16 04:55:47', '2022-08-16 04:55:47'),
(794, 'Hayrabolu', 59, 1, '2022-08-16 04:55:47', '2022-08-16 04:55:47'),
(795, 'Muratlı', 59, 1, '2022-08-16 04:55:47', '2022-08-16 04:55:47'),
(796, 'Marmaraereğlisi', 59, 1, '2022-08-16 04:55:47', '2022-08-16 04:55:47'),
(797, 'Merkez', 60, 1, '2022-08-16 04:55:47', '2022-08-16 04:55:47'),
(798, 'Erbaa', 60, 1, '2022-08-16 04:55:47', '2022-08-16 04:55:47'),
(799, 'Turhal', 60, 1, '2022-08-16 04:55:47', '2022-08-16 04:55:47'),
(800, 'Niksar', 60, 1, '2022-08-16 04:55:47', '2022-08-16 04:55:47'),
(801, 'Zile', 60, 1, '2022-08-16 04:55:47', '2022-08-16 04:55:47'),
(802, 'Reşadiye', 60, 1, '2022-08-16 04:55:47', '2022-08-16 04:55:47'),
(803, 'Almus', 60, 1, '2022-08-16 04:55:47', '2022-08-16 04:55:47'),
(804, 'Pazar', 60, 1, '2022-08-16 04:55:47', '2022-08-16 04:55:47'),
(805, 'Yeşilyurt', 60, 1, '2022-08-16 04:55:47', '2022-08-16 04:55:47'),
(806, 'Artova', 60, 1, '2022-08-16 04:55:47', '2022-08-16 04:55:47'),
(807, 'Sulusaray', 60, 1, '2022-08-16 04:55:47', '2022-08-16 04:55:47'),
(808, 'Başçiftlik', 60, 1, '2022-08-16 04:55:47', '2022-08-16 04:55:47'),
(809, 'Ortahisar', 61, 1, '2022-08-16 04:55:47', '2022-08-16 04:55:47'),
(810, 'Akçaabat', 61, 1, '2022-08-16 04:55:47', '2022-08-16 04:55:47'),
(811, 'Araklı', 61, 1, '2022-08-16 04:55:47', '2022-08-16 04:55:47'),
(812, 'Of', 61, 1, '2022-08-16 04:55:47', '2022-08-16 04:55:47'),
(813, 'Yomra', 61, 1, '2022-08-16 04:55:47', '2022-08-16 04:55:47'),
(814, 'Arsin', 61, 1, '2022-08-16 04:55:47', '2022-08-16 04:55:47'),
(815, 'Vakfıkebir', 61, 1, '2022-08-16 04:55:47', '2022-08-16 04:55:47'),
(816, 'Sürmene', 61, 1, '2022-08-16 04:55:47', '2022-08-16 04:55:47'),
(817, 'Maçka', 61, 1, '2022-08-16 04:55:47', '2022-08-16 04:55:47'),
(818, 'Beşikdüzü', 61, 1, '2022-08-16 04:55:47', '2022-08-16 04:55:47'),
(819, 'Çarşıbaşı', 61, 1, '2022-08-16 04:55:47', '2022-08-16 04:55:47'),
(820, 'Çaykara', 61, 1, '2022-08-16 04:55:47', '2022-08-16 04:55:47'),
(821, 'Tonya', 61, 1, '2022-08-16 04:55:47', '2022-08-16 04:55:47'),
(822, 'Düzköy', 61, 1, '2022-08-16 04:55:47', '2022-08-16 04:55:47'),
(823, 'Şalpazarı', 61, 1, '2022-08-16 04:55:47', '2022-08-16 04:55:47'),
(824, 'Hayrat', 61, 1, '2022-08-16 04:55:47', '2022-08-16 04:55:47'),
(825, 'Köprübaşı', 61, 1, '2022-08-16 04:55:47', '2022-08-16 04:55:47'),
(826, 'Dernekpazarı', 61, 1, '2022-08-16 04:55:47', '2022-08-16 04:55:47'),
(827, 'Merkez', 62, 1, '2022-08-16 04:55:47', '2022-08-16 04:55:47'),
(828, 'Pertek', 62, 1, '2022-08-16 04:55:47', '2022-08-16 04:55:47'),
(829, 'Mazgirt', 62, 1, '2022-08-16 04:55:47', '2022-08-16 04:55:47'),
(830, 'Çemişgezek', 62, 1, '2022-08-16 04:55:47', '2022-08-16 04:55:47'),
(831, 'Ovacık', 62, 1, '2022-08-16 04:55:47', '2022-08-16 04:55:47'),
(832, 'Hozat', 62, 1, '2022-08-16 04:55:47', '2022-08-16 04:55:47'),
(833, 'Pülümür', 62, 1, '2022-08-16 04:55:47', '2022-08-16 04:55:47'),
(834, 'Nazımiye', 62, 1, '2022-08-16 04:55:47', '2022-08-16 04:55:47'),
(835, 'Eyyübiye', 63, 1, '2022-08-16 04:55:47', '2022-08-16 04:55:47'),
(836, 'Haliliye', 63, 1, '2022-08-16 04:55:47', '2022-08-16 04:55:47'),
(837, 'Siverek', 63, 1, '2022-08-16 04:55:47', '2022-08-16 04:55:47'),
(838, 'Viranşehir', 63, 1, '2022-08-16 04:55:47', '2022-08-16 04:55:47'),
(839, 'Karaköprü', 63, 1, '2022-08-16 04:55:47', '2022-08-16 04:55:47'),
(840, 'Akçakale', 63, 1, '2022-08-16 04:55:47', '2022-08-16 04:55:47'),
(841, 'Suruç', 63, 1, '2022-08-16 04:55:47', '2022-08-16 04:55:47'),
(842, 'Birecik', 63, 1, '2022-08-16 04:55:47', '2022-08-16 04:55:47'),
(843, 'Harran', 63, 1, '2022-08-16 04:55:47', '2022-08-16 04:55:47'),
(844, 'Ceylanpınar', 63, 1, '2022-08-16 04:55:47', '2022-08-16 04:55:47'),
(845, 'Bozova', 63, 1, '2022-08-16 04:55:47', '2022-08-16 04:55:47'),
(846, 'Hilvan', 63, 1, '2022-08-16 04:55:47', '2022-08-16 04:55:47'),
(847, 'Merkez', 64, 1, '2022-08-16 04:55:47', '2022-08-16 04:55:47'),
(848, 'Banaz', 64, 1, '2022-08-16 04:55:47', '2022-08-16 04:55:47'),
(849, 'Eşme', 64, 1, '2022-08-16 04:55:47', '2022-08-16 04:55:47'),
(850, 'Sivaslı', 64, 1, '2022-08-16 04:55:47', '2022-08-16 04:55:47'),
(851, 'Ulubey', 64, 1, '2022-08-16 04:55:47', '2022-08-16 04:55:47'),
(852, 'Karahallı', 64, 1, '2022-08-16 04:55:47', '2022-08-16 04:55:47'),
(853, 'İpekyolu', 65, 1, '2022-08-16 04:55:47', '2022-08-16 04:55:47'),
(854, 'Erciş', 65, 1, '2022-08-16 04:55:47', '2022-08-16 04:55:47'),
(855, 'Tuşba', 65, 1, '2022-08-16 04:55:47', '2022-08-16 04:55:47'),
(856, 'Edremit', 65, 1, '2022-08-16 04:55:47', '2022-08-16 04:55:47'),
(857, 'Özalp', 65, 1, '2022-08-16 04:55:47', '2022-08-16 04:55:47'),
(858, 'Çaldıran', 65, 1, '2022-08-16 04:55:47', '2022-08-16 04:55:47'),
(859, 'Başkale', 65, 1, '2022-08-16 04:55:47', '2022-08-16 04:55:47'),
(860, 'Muradiye', 65, 1, '2022-08-16 04:55:47', '2022-08-16 04:55:47'),
(861, 'Gürpınar', 65, 1, '2022-08-16 04:55:47', '2022-08-16 04:55:47'),
(862, 'Gevaş', 65, 1, '2022-08-16 04:55:47', '2022-08-16 04:55:47'),
(863, 'Saray', 65, 1, '2022-08-16 04:55:48', '2022-08-16 04:55:48'),
(864, 'Çatak', 65, 1, '2022-08-16 04:55:48', '2022-08-16 04:55:48'),
(865, 'Bahçesaray', 65, 1, '2022-08-16 04:55:48', '2022-08-16 04:55:48'),
(866, 'Merkez', 66, 1, '2022-08-16 04:55:48', '2022-08-16 04:55:48'),
(867, 'Sorgun', 66, 1, '2022-08-16 04:55:48', '2022-08-16 04:55:48'),
(868, 'Akdağmadeni', 66, 1, '2022-08-16 04:55:48', '2022-08-16 04:55:48'),
(869, 'Yerköy', 66, 1, '2022-08-16 04:55:48', '2022-08-16 04:55:48'),
(870, 'Boğazlıyan', 66, 1, '2022-08-16 04:55:48', '2022-08-16 04:55:48'),
(871, 'Sarıkaya', 66, 1, '2022-08-16 04:55:48', '2022-08-16 04:55:48'),
(872, 'Çekerek', 66, 1, '2022-08-16 04:55:48', '2022-08-16 04:55:48'),
(873, 'Şefaatli', 66, 1, '2022-08-16 04:55:48', '2022-08-16 04:55:48'),
(874, 'Saraykent', 66, 1, '2022-08-16 04:55:48', '2022-08-16 04:55:48'),
(875, 'Çayıralan', 66, 1, '2022-08-16 04:55:48', '2022-08-16 04:55:48'),
(876, 'Kadışehri', 66, 1, '2022-08-16 04:55:48', '2022-08-16 04:55:48'),
(877, 'Aydıncık', 66, 1, '2022-08-16 04:55:48', '2022-08-16 04:55:48'),
(878, 'Yenifakılı', 66, 1, '2022-08-16 04:55:48', '2022-08-16 04:55:48'),
(879, 'Çandır', 66, 1, '2022-08-16 04:55:48', '2022-08-16 04:55:48'),
(880, 'Ereğli', 67, 1, '2022-08-16 04:55:48', '2022-08-16 04:55:48'),
(881, 'Merkez', 67, 1, '2022-08-16 04:55:48', '2022-08-16 04:55:48'),
(882, 'Çaycuma', 67, 1, '2022-08-16 04:55:48', '2022-08-16 04:55:48'),
(883, 'Devrek', 67, 1, '2022-08-16 04:55:48', '2022-08-16 04:55:48'),
(884, 'Kozlu', 67, 1, '2022-08-16 04:55:48', '2022-08-16 04:55:48'),
(885, 'Alaplı', 67, 1, '2022-08-16 04:55:48', '2022-08-16 04:55:48'),
(886, 'Kilimli', 67, 1, '2022-08-16 04:55:48', '2022-08-16 04:55:48'),
(887, 'Gökçebey', 67, 1, '2022-08-16 04:55:48', '2022-08-16 04:55:48'),
(888, 'Merkez', 68, 1, '2022-08-16 04:55:48', '2022-08-16 04:55:48'),
(889, 'Ortaköy', 68, 1, '2022-08-16 04:55:48', '2022-08-16 04:55:48'),
(890, 'Eskil', 68, 1, '2022-08-16 04:55:48', '2022-08-16 04:55:48'),
(891, 'Gülağaç', 68, 1, '2022-08-16 04:55:48', '2022-08-16 04:55:48'),
(892, 'Güzelyurt', 68, 1, '2022-08-16 04:55:48', '2022-08-16 04:55:48'),
(893, 'Sultanhanı', 68, 1, '2022-08-16 04:55:48', '2022-08-16 04:55:48'),
(894, 'Ağaçören', 68, 1, '2022-08-16 04:55:48', '2022-08-16 04:55:48'),
(895, 'Sarıyahşi', 68, 1, '2022-08-16 04:55:48', '2022-08-16 04:55:48'),
(896, 'Merkez', 69, 1, '2022-08-16 04:55:48', '2022-08-16 04:55:48'),
(897, 'Demirözü', 69, 1, '2022-08-16 04:55:48', '2022-08-16 04:55:48'),
(898, 'Aydıntepe', 69, 1, '2022-08-16 04:55:48', '2022-08-16 04:55:48'),
(899, 'Merkez', 70, 1, '2022-08-16 04:55:48', '2022-08-16 04:55:48'),
(900, 'Ermenek', 70, 1, '2022-08-16 04:55:48', '2022-08-16 04:55:48'),
(901, 'Sarıveliler', 70, 1, '2022-08-16 04:55:48', '2022-08-16 04:55:48'),
(902, 'Ayrancı', 70, 1, '2022-08-16 04:55:48', '2022-08-16 04:55:48'),
(903, 'Kazımkarabekir', 70, 1, '2022-08-16 04:55:48', '2022-08-16 04:55:48'),
(904, 'Başyayla', 70, 1, '2022-08-16 04:55:48', '2022-08-16 04:55:48'),
(905, 'Merkez', 71, 1, '2022-08-16 04:55:48', '2022-08-16 04:55:48'),
(906, 'Yahşihan', 71, 1, '2022-08-16 04:55:48', '2022-08-16 04:55:48'),
(907, 'Keskin', 71, 1, '2022-08-16 04:55:48', '2022-08-16 04:55:48'),
(908, 'Delice', 71, 1, '2022-08-16 04:55:48', '2022-08-16 04:55:48'),
(909, 'Sulakyurt', 71, 1, '2022-08-16 04:55:48', '2022-08-16 04:55:48'),
(910, 'Bahşili', 71, 1, '2022-08-16 04:55:48', '2022-08-16 04:55:48'),
(911, 'Balışeyh', 71, 1, '2022-08-16 04:55:48', '2022-08-16 04:55:48'),
(912, 'Karakeçili', 71, 1, '2022-08-16 04:55:48', '2022-08-16 04:55:48'),
(913, 'Çelebi', 71, 1, '2022-08-16 04:55:48', '2022-08-16 04:55:48'),
(914, 'Merkez', 72, 1, '2022-08-16 04:55:48', '2022-08-16 04:55:48'),
(915, 'Kozluk', 72, 1, '2022-08-16 04:55:48', '2022-08-16 04:55:48'),
(916, 'Sason', 72, 1, '2022-08-16 04:55:48', '2022-08-16 04:55:48'),
(917, 'Beşiri', 72, 1, '2022-08-16 04:55:48', '2022-08-16 04:55:48'),
(918, 'Gercüş', 72, 1, '2022-08-16 04:55:48', '2022-08-16 04:55:48'),
(919, 'Hasankeyf', 72, 1, '2022-08-16 04:55:48', '2022-08-16 04:55:48'),
(920, 'Cizre', 73, 1, '2022-08-16 04:55:48', '2022-08-16 04:55:48'),
(921, 'Silopi', 73, 1, '2022-08-16 04:55:48', '2022-08-16 04:55:48'),
(922, 'Merkez', 73, 1, '2022-08-16 04:55:48', '2022-08-16 04:55:48'),
(923, 'İdil', 73, 1, '2022-08-16 04:55:48', '2022-08-16 04:55:48'),
(924, 'Uludere', 73, 1, '2022-08-16 04:55:48', '2022-08-16 04:55:48'),
(925, 'Beytüşşebap', 73, 1, '2022-08-16 04:55:48', '2022-08-16 04:55:48'),
(926, 'Güçlükonak', 73, 1, '2022-08-16 04:55:48', '2022-08-16 04:55:48'),
(927, 'Merkez', 74, 1, '2022-08-16 04:55:48', '2022-08-16 04:55:48'),
(928, 'Ulus', 74, 1, '2022-08-16 04:55:48', '2022-08-16 04:55:48'),
(929, 'Amasra', 74, 1, '2022-08-16 04:55:48', '2022-08-16 04:55:48'),
(930, 'Kurucaşile', 74, 1, '2022-08-16 04:55:48', '2022-08-16 04:55:48'),
(931, 'Merkez', 75, 1, '2022-08-16 04:55:48', '2022-08-16 04:55:48'),
(932, 'Göle', 75, 1, '2022-08-16 04:55:48', '2022-08-16 04:55:48'),
(933, 'Çıldır', 75, 1, '2022-08-16 04:55:48', '2022-08-16 04:55:48'),
(934, 'Hanak', 75, 1, '2022-08-16 04:55:48', '2022-08-16 04:55:48'),
(935, 'Posof', 75, 1, '2022-08-16 04:55:48', '2022-08-16 04:55:48'),
(936, 'Damal', 75, 1, '2022-08-16 04:55:48', '2022-08-16 04:55:48'),
(937, 'Merkez', 76, 1, '2022-08-16 04:55:48', '2022-08-16 04:55:48'),
(938, 'Tuzluca', 76, 1, '2022-08-16 04:55:48', '2022-08-16 04:55:48'),
(939, 'Aralık', 76, 1, '2022-08-16 04:55:48', '2022-08-16 04:55:48'),
(940, 'Karakoyunlu', 76, 1, '2022-08-16 04:55:48', '2022-08-16 04:55:48'),
(941, 'Merkez', 77, 1, '2022-08-16 04:55:48', '2022-08-16 04:55:48'),
(942, 'Çiftlikköy', 77, 1, '2022-08-16 04:55:48', '2022-08-16 04:55:48'),
(943, 'Çınarcık', 77, 1, '2022-08-16 04:55:48', '2022-08-16 04:55:48'),
(944, 'Altınova', 77, 1, '2022-08-16 04:55:48', '2022-08-16 04:55:48'),
(945, 'Armutlu', 77, 1, '2022-08-16 04:55:48', '2022-08-16 04:55:48'),
(946, 'Termal', 77, 1, '2022-08-16 04:55:48', '2022-08-16 04:55:48'),
(947, 'Merkez', 78, 1, '2022-08-16 04:55:48', '2022-08-16 04:55:48'),
(948, 'Safranbolu', 78, 1, '2022-08-16 04:55:48', '2022-08-16 04:55:48'),
(949, 'Yenice', 78, 1, '2022-08-16 04:55:48', '2022-08-16 04:55:48'),
(950, 'Eskipazar', 78, 1, '2022-08-16 04:55:48', '2022-08-16 04:55:48'),
(951, 'Eflani', 78, 1, '2022-08-16 04:55:48', '2022-08-16 04:55:48'),
(952, 'Ovacık', 78, 1, '2022-08-16 04:55:48', '2022-08-16 04:55:48'),
(953, 'Merkez', 79, 1, '2022-08-16 04:55:48', '2022-08-16 04:55:48'),
(954, 'Musabeyli', 79, 1, '2022-08-16 04:55:48', '2022-08-16 04:55:48'),
(955, 'Elbeyli', 79, 1, '2022-08-16 04:55:48', '2022-08-16 04:55:48'),
(956, 'Polateli', 79, 1, '2022-08-16 04:55:48', '2022-08-16 04:55:48'),
(957, 'Merkez', 80, 1, '2022-08-16 04:55:48', '2022-08-16 04:55:48'),
(958, 'Kadirli', 80, 1, '2022-08-16 04:55:48', '2022-08-16 04:55:48'),
(959, 'Düziçi', 80, 1, '2022-08-16 04:55:48', '2022-08-16 04:55:48'),
(960, 'Bahçe', 80, 1, '2022-08-16 04:55:48', '2022-08-16 04:55:48'),
(961, 'Toprakkale', 80, 1, '2022-08-16 04:55:48', '2022-08-16 04:55:48'),
(962, 'Sumbas', 80, 1, '2022-08-16 04:55:48', '2022-08-16 04:55:48'),
(963, 'Hasanbeyli', 80, 1, '2022-08-16 04:55:48', '2022-08-16 04:55:48'),
(964, 'Merkez', 81, 1, '2022-08-16 04:55:48', '2022-08-16 04:55:48'),
(965, 'Akçakoca', 81, 1, '2022-08-16 04:55:48', '2022-08-16 04:55:48'),
(966, 'Kaynaşlı', 81, 1, '2022-08-16 04:55:48', '2022-08-16 04:55:48'),
(967, 'Gölyaka', 81, 1, '2022-08-16 04:55:48', '2022-08-16 04:55:48'),
(968, 'Çilimli', 81, 1, '2022-08-16 04:55:48', '2022-08-16 04:55:48'),
(969, 'Yığılca', 81, 1, '2022-08-16 04:55:48', '2022-08-16 04:55:48'),
(970, 'Gümüşova', 81, 1, '2022-08-16 04:55:48', '2022-08-16 04:55:48'),
(971, 'Cumayeri', 81, 1, '2022-08-16 04:55:48', '2022-08-16 04:55:48');

-- --------------------------------------------------------

--
-- Table structure for table `users`
--

CREATE TABLE `users` (
  `user_id` bigint(20) UNSIGNED NOT NULL,
  `code` varchar(16) COLLATE utf8mb4_unicode_ci NOT NULL,
  `name` varchar(191) COLLATE utf8mb4_unicode_ci NOT NULL,
  `firstname` varchar(191) COLLATE utf8mb4_unicode_ci NOT NULL,
  `lastname` varchar(191) COLLATE utf8mb4_unicode_ci NOT NULL,
  `email` varchar(191) COLLATE utf8mb4_unicode_ci NOT NULL,
  `gsm` int(11) NOT NULL,
  `telephone` int(11) NOT NULL,
  `user_type_id` bigint(20) UNSIGNED NOT NULL,
  `status` tinyint(1) NOT NULL,
  `last_ip` varchar(191) COLLATE utf8mb4_unicode_ci NOT NULL,
  `api_key` varchar(191) COLLATE utf8mb4_unicode_ci NOT NULL,
  `secret_key` varchar(191) COLLATE utf8mb4_unicode_ci NOT NULL,
  `password` varchar(191) COLLATE utf8mb4_unicode_ci NOT NULL,
  `remember_token` varchar(100) COLLATE utf8mb4_unicode_ci DEFAULT NULL,
  `created_at` timestamp NULL DEFAULT NULL,
  `updated_at` timestamp NULL DEFAULT NULL
) ENGINE=MyISAM DEFAULT CHARSET=utf8mb4 COLLATE=utf8mb4_unicode_ci;

--
-- Dumping data for table `users`
--

INSERT INTO `users` (`user_id`, `code`, `name`, `firstname`, `lastname`, `email`, `gsm`, `telephone`, `user_type_id`, `status`, `last_ip`, `api_key`, `secret_key`, `password`, `remember_token`, `created_at`, `updated_at`) VALUES
(1, 'lGSJgz44U9dBi4AJ', 'onursedef', 'Onur', 'Sedef', 'onur@ugi.works', 1, 1, 1, 1, '127.0.0.1', 'ZdtTprfkbetNyDXgPzsnQSyVvWqo59Mc', 'hybgVZfiJZKfvOraY1N9mJrkV98EwkWy', '$2y$10$6oZGDMYcuTTFts6SIP9H5eAO1Z2KWBbxxKf6amAJc9M1La92sJUxa', NULL, '2022-08-28 07:52:29', '2022-08-28 07:52:29');

-- --------------------------------------------------------

--
-- Table structure for table `user_roles`
--

CREATE TABLE `user_roles` (
  `role_id` bigint(20) UNSIGNED NOT NULL,
  `user_type_id` bigint(20) UNSIGNED NOT NULL,
  `service_id` bigint(20) UNSIGNED NOT NULL,
  `can_view` tinyint(1) NOT NULL,
  `can_create` tinyint(1) NOT NULL,
  `can_update` tinyint(1) NOT NULL,
  `can_delete` tinyint(1) NOT NULL,
  `status` tinyint(1) NOT NULL,
  `created_at` timestamp NULL DEFAULT NULL,
  `updated_at` timestamp NULL DEFAULT NULL
) ENGINE=MyISAM DEFAULT CHARSET=utf8mb4 COLLATE=utf8mb4_unicode_ci;

--
-- Dumping data for table `user_roles`
--

INSERT INTO `user_roles` (`role_id`, `user_type_id`, `service_id`, `can_view`, `can_create`, `can_update`, `can_delete`, `status`, `created_at`, `updated_at`) VALUES
(1, 1, 1, 1, 1, 1, 1, 1, '2022-08-29 08:10:35', '2022-08-29 08:10:35'),
(2, 1, 2, 1, 1, 1, 1, 1, '2022-08-29 14:01:59', '2022-08-29 14:01:59'),
(3, 1, 3, 1, 1, 1, 1, 1, '2022-08-31 08:18:42', '2022-08-31 08:18:42'),
(4, 1, 4, 1, 1, 1, 1, 1, '2022-08-31 14:18:07', '2022-08-31 14:18:07');

-- --------------------------------------------------------

--
-- Table structure for table `user_types`
--

CREATE TABLE `user_types` (
  `type_id` bigint(20) UNSIGNED NOT NULL,
  `code` varchar(191) COLLATE utf8mb4_unicode_ci NOT NULL,
  `name` varchar(191) COLLATE utf8mb4_unicode_ci NOT NULL,
  `status` tinyint(1) NOT NULL,
  `created_at` timestamp NULL DEFAULT NULL,
  `updated_at` timestamp NULL DEFAULT NULL
) ENGINE=MyISAM DEFAULT CHARSET=utf8mb4 COLLATE=utf8mb4_unicode_ci;

--
-- Dumping data for table `user_types`
--

INSERT INTO `user_types` (`type_id`, `code`, `name`, `status`, `created_at`, `updated_at`) VALUES
(1, 'admin', 'Yönetici', 1, '2022-08-28 08:04:56', '2022-08-28 08:04:56'),
(2, 'user', 'Kullanıcı', 1, '2022-08-28 08:04:56', '2022-08-28 08:04:56'),
(4, 'customer', 'Müşteri', 1, '2022-09-01 04:29:14', '2022-09-01 05:46:30');

--
-- Indexes for dumped tables
--

--
-- Indexes for table `addresses`
--
ALTER TABLE `addresses`
  ADD PRIMARY KEY (`address_id`),
  ADD KEY `addresses_user_id_foreign` (`user_id`);

--
-- Indexes for table `cities`
--
ALTER TABLE `cities`
  ADD PRIMARY KEY (`city_id`),
  ADD KEY `cities_country_id_foreign` (`country_id`);

--
-- Indexes for table `countries`
--
ALTER TABLE `countries`
  ADD PRIMARY KEY (`country_id`);

--
-- Indexes for table `failed_jobs`
--
ALTER TABLE `failed_jobs`
  ADD PRIMARY KEY (`id`),
  ADD UNIQUE KEY `failed_jobs_uuid_unique` (`uuid`);

--
-- Indexes for table `languages`
--
ALTER TABLE `languages`
  ADD PRIMARY KEY (`language_id`);

--
-- Indexes for table `migrations`
--
ALTER TABLE `migrations`
  ADD PRIMARY KEY (`id`);

--
-- Indexes for table `password_resets`
--
ALTER TABLE `password_resets`
  ADD KEY `password_resets_email_index` (`email`);

--
-- Indexes for table `personal_access_tokens`
--
ALTER TABLE `personal_access_tokens`
  ADD PRIMARY KEY (`id`),
  ADD UNIQUE KEY `personal_access_tokens_token_unique` (`token`),
  ADD KEY `personal_access_tokens_tokenable_type_tokenable_id_index` (`tokenable_type`,`tokenable_id`);

--
-- Indexes for table `products`
--
ALTER TABLE `products`
  ADD PRIMARY KEY (`product_id`);

--
-- Indexes for table `services`
--
ALTER TABLE `services`
  ADD PRIMARY KEY (`service_id`);

--
-- Indexes for table `towns`
--
ALTER TABLE `towns`
  ADD PRIMARY KEY (`town_id`),
  ADD KEY `towns_city_id_foreign` (`city_id`);

--
-- Indexes for table `users`
--
ALTER TABLE `users`
  ADD PRIMARY KEY (`user_id`),
  ADD KEY `users_user_type_id_foreign` (`user_type_id`);

--
-- Indexes for table `user_roles`
--
ALTER TABLE `user_roles`
  ADD PRIMARY KEY (`role_id`),
  ADD KEY `user_roles_user_type_id_foreign` (`user_type_id`),
  ADD KEY `user_roles_service_id_foreign` (`service_id`);

--
-- Indexes for table `user_types`
--
ALTER TABLE `user_types`
  ADD PRIMARY KEY (`type_id`);

--
-- AUTO_INCREMENT for dumped tables
--

--
-- AUTO_INCREMENT for table `addresses`
--
ALTER TABLE `addresses`
  MODIFY `address_id` bigint(20) UNSIGNED NOT NULL AUTO_INCREMENT;

--
-- AUTO_INCREMENT for table `cities`
--
ALTER TABLE `cities`
  MODIFY `city_id` bigint(20) UNSIGNED NOT NULL AUTO_INCREMENT, AUTO_INCREMENT=82;

--
-- AUTO_INCREMENT for table `countries`
--
ALTER TABLE `countries`
  MODIFY `country_id` bigint(20) UNSIGNED NOT NULL AUTO_INCREMENT, AUTO_INCREMENT=212;

--
-- AUTO_INCREMENT for table `failed_jobs`
--
ALTER TABLE `failed_jobs`
  MODIFY `id` bigint(20) UNSIGNED NOT NULL AUTO_INCREMENT;

--
-- AUTO_INCREMENT for table `languages`
--
ALTER TABLE `languages`
  MODIFY `language_id` bigint(20) UNSIGNED NOT NULL AUTO_INCREMENT, AUTO_INCREMENT=13;

--
-- AUTO_INCREMENT for table `migrations`
--
ALTER TABLE `migrations`
  MODIFY `id` int(10) UNSIGNED NOT NULL AUTO_INCREMENT, AUTO_INCREMENT=14;

--
-- AUTO_INCREMENT for table `personal_access_tokens`
--
ALTER TABLE `personal_access_tokens`
  MODIFY `id` bigint(20) UNSIGNED NOT NULL AUTO_INCREMENT;

--
-- AUTO_INCREMENT for table `products`
--
ALTER TABLE `products`
  MODIFY `product_id` bigint(20) UNSIGNED NOT NULL AUTO_INCREMENT, AUTO_INCREMENT=4;

--
-- AUTO_INCREMENT for table `services`
--
ALTER TABLE `services`
  MODIFY `service_id` bigint(20) UNSIGNED NOT NULL AUTO_INCREMENT, AUTO_INCREMENT=5;

--
-- AUTO_INCREMENT for table `towns`
--
ALTER TABLE `towns`
  MODIFY `town_id` bigint(20) UNSIGNED NOT NULL AUTO_INCREMENT, AUTO_INCREMENT=972;

--
-- AUTO_INCREMENT for table `users`
--
ALTER TABLE `users`
  MODIFY `user_id` bigint(20) UNSIGNED NOT NULL AUTO_INCREMENT, AUTO_INCREMENT=2;

--
-- AUTO_INCREMENT for table `user_roles`
--
ALTER TABLE `user_roles`
  MODIFY `role_id` bigint(20) UNSIGNED NOT NULL AUTO_INCREMENT, AUTO_INCREMENT=5;

--
-- AUTO_INCREMENT for table `user_types`
--
ALTER TABLE `user_types`
  MODIFY `type_id` bigint(20) UNSIGNED NOT NULL AUTO_INCREMENT, AUTO_INCREMENT=5;
COMMIT;

/*!40101 SET CHARACTER_SET_CLIENT=@OLD_CHARACTER_SET_CLIENT */;
/*!40101 SET CHARACTER_SET_RESULTS=@OLD_CHARACTER_SET_RESULTS */;
/*!40101 SET COLLATION_CONNECTION=@OLD_COLLATION_CONNECTION */;
